claim,value,unit,currency,geography,segment,period,period_type,value_basis,source_name,url,date_accessed,confidence,notes
IN colour_cosmetics market_size,3.46,usd_bn,USD,IN,colour_cosmetics,2024,CY,RETAIL,DMI,,2026-07-21,LOW,Forecast CAGR 7.08%
IN colour_cosmetics market_share [mass],79.55,percent,USD,IN,colour_cosmetics,2025,CY,RETAIL,Mordor Intelligence,,2026-07-21,LOW,Mass tier share of colour cosmetics
IN dermocosmetics market_size,0.2803,usd_bn,USD,IN,dermocosmetics,2024,CY,RETAIL,P&S Market Research,https://www.psmarketresearch.com/market-analysis/india-skincare-dermacosmetics-market,2026-07-22,LOW,India skincare dermacosmetics; 2030 forecast US$0.505bn
IN fragrances import_value,0.331681,usd_bn,USD,IN,fragrances,2024,CY,IMPORT_CIF,UN Comtrade,https://comtradeplus.un.org,2026-07-23,HIGH,"HS 3303 India imports from World (UN Comtrade, CIF USD)."
IN fragrances import_value,0.000135,usd_bn,USD,IN,fragrances,2024,CY,IMPORT_CIF,UN Comtrade,https://comtradeplus.un.org,2026-07-23,HIGH,"HS 3303 India imports from Korea (UN Comtrade, CIF USD). [CORRIDOR]"
IN fragrances import_value,0.000249,usd_bn,USD,IN,fragrances,2024,CY,IMPORT_CIF,UN Comtrade,https://comtradeplus.un.org,2026-07-23,HIGH,"HS 3303 India imports from China (UN Comtrade, CIF USD)."
IN fragrances market_size,2.6,usd_bn,USD,IN,fragrances,2024,CY,RETAIL,Industry (FMCG analysis via LinkedIn),https://www.linkedin.com/posts/vishekpratap_fmcg-indianmarket-fragrance-activity-7359092677608419328-Pnhv,2026-07-23,LOW,India perfume+DEODORANT combined; CAGR ~11.1% to US$6.7bn by 2033; broader than perfume-only
IN fragrances market_size,0.281,usd_bn,USD,IN,fragrances,FY24,FY,RETAIL,Markets and Data,https://www.marketsandata.com/industry-reports/india-perfume-market,2026-07-23,LOW,India PERFUME-ONLY (narrower); CAGR 15.23% to US$0.873bn FY2032
IN fragrances import_dependence,12.8,percent,USD,IN,fragrances,2024,CY,NA,Derived (UN Comtrade / industry),,2026-07-23,ESTIMATE,"Import-vs-make: premium fragrance import-reliant, mass domestic"
IN fragrances revenue,1200.0,inr_cr,INR,IN,fragrances,FY25,FY,NET_REALISATION,Economic Times (startups),https://m.economictimes.com/tech/startups/investors-catch-a-big-whiff-of-money-in-d2c-fragrance-firms/articleshow/128079803.cms,2026-07-23,MEDIUM,"Company: Vini Cosmetics (Fogg) — FY25 operating revenue; KKR owns 54% (US$625m, 2021, US$1.2bn valuation)"
IN hair_care import_value,0.198534,usd_bn,USD,IN,hair_care,2024,CY,IMPORT_CIF,UN Comtrade,https://comtradeplus.un.org,2026-07-23,HIGH,"HS 3305 India imports from World (UN Comtrade, CIF USD)."
IN hair_care import_value,0.031111,usd_bn,USD,IN,hair_care,2024,CY,IMPORT_CIF,UN Comtrade,https://comtradeplus.un.org,2026-07-23,HIGH,"HS 3305 India imports from China (UN Comtrade, CIF USD)."
IN hair_care market_size,4.1,usd_bn,USD,IN,hair_care,2026,CY,RETAIL,Mordor Intelligence,https://www.mordorintelligence.com/industry-reports/india-hair-care-and-styling-products-market-industry,2026-07-23,LOW,India hair care; 'skinification' shift to actives/serums
IN hair_care cagr_forecast,4.73,percent,USD,IN,hair_care,2026-2031,range,NA,Mordor Intelligence,https://www.mordorintelligence.com/industry-reports/india-hair-care-and-styling-products-market-industry,2026-07-23,LOW,India hair care forecast CAGR
IN mens_grooming market_size,186.3,inr_bn,INR,IN,mens_grooming,2025,CY,RETAIL,Euromonitor International,,2026-07-21,HIGH,+9% growth
IN mens_grooming growth_yoy,9.0,percent,INR,IN,mens_grooming,2025,CY,RETAIL,Euromonitor International,,2026-07-21,HIGH,
IN mens_grooming market_size,2.3,usd_bn,USD,IN,mens_grooming,2024,CY,RETAIL,IMARC,,2026-07-21,LOW,Narrower 'male grooming products' basket; 6.8% forecast CAGR
IN mens_grooming market_size,2.45,usd_bn,USD,IN,mens_grooming,2025,CY,RETAIL,IMARC Group,https://www.imarcgroup.com/india-male-grooming-products-market,2026-07-22,LOW,India male grooming; corroborates baseline US$2.3bn (2024); CAGR 6.66%
IN mens_grooming cagr_forecast,12.2,percent,USD,IN,mens_grooming,2025-2035,range,RETAIL,Future Market Insights,https://www.futuremarketinsights.com/reports/mens-skincare-products-market,2026-07-22,LOW,India MEN'S SKINCARE (sub-slice) CAGR; faster than overall grooming
IN oral_care import_value,0.01974,usd_bn,USD,IN,oral_care,2024,CY,IMPORT_CIF,UN Comtrade,https://comtradeplus.un.org,2026-07-23,HIGH,"HS 3306 India imports from World (UN Comtrade, CIF USD)."
IN oral_care import_value,0.000485,usd_bn,USD,IN,oral_care,2024,CY,IMPORT_CIF,UN Comtrade,https://comtradeplus.un.org,2026-07-23,HIGH,"HS 3306 India imports from Korea (UN Comtrade, CIF USD). [CORRIDOR]"
IN oral_care import_value,0.001595,usd_bn,USD,IN,oral_care,2024,CY,IMPORT_CIF,UN Comtrade,https://comtradeplus.un.org,2026-07-23,HIGH,"HS 3306 India imports from China (UN Comtrade, CIF USD)."
IN skincare market_share,35.0,percent,USD,IN,skincare,2025,CY,RETAIL,IMARC,,2026-07-21,LOW,Skincare/sun care share of total BPC
IN skincare market_share,49.0,percent,USD,IN,skincare,2025,CY,RETAIL,Grand View Research,,2026-07-21,LOW,"Share of narrower 'cosmetics' basket, not full BPC"
IN skincare revenue,347.0,inr_cr,INR,IN,skincare,FY24,FY,NET_REALISATION,Entrackr,,2026-07-21,MEDIUM,Company: Minimalist (Uprising Science); up from Rs 184 cr FY23
IN skincare import_value,0.844115,usd_bn,USD,IN,skincare,2024,CY,IMPORT_CIF,UN Comtrade,https://comtradeplus.un.org,2026-07-23,HIGH,"HS 3304 India imports from World (UN Comtrade, CIF USD). Includes makeup as well as skincare."
IN skincare import_value,0.14006,usd_bn,USD,IN,skincare,2024,CY,IMPORT_CIF,UN Comtrade,https://comtradeplus.un.org,2026-07-23,HIGH,"HS 3304 India imports from Korea (UN Comtrade, CIF USD). Includes makeup as well as skincare. [CORRIDOR]"
IN skincare import_value,0.187975,usd_bn,USD,IN,skincare,2024,CY,IMPORT_CIF,UN Comtrade,https://comtradeplus.un.org,2026-07-23,HIGH,"HS 3304 India imports from China (UN Comtrade, CIF USD). Includes makeup as well as skincare."
IN skincare market_size,0.14,usd_bn,USD,IN,skincare,2026,CY,RETAIL,MarkNtel Advisors,https://www.marknteladvisors.com/research-library/india-facial-serum-market-study.html,2026-07-23,LOW,India facial SERUM sub-segment; to US$0.223bn by 2032
IN skincare retail_price,600.0,inr,INR,IN,skincare,2026,CY,MRP,The D2C Pulse,https://thed2cpulse.com/growth-strategy/gross-margins-for-d2c-brands-in-india,2026-07-23,LOW,30ml serum MRP typically Rs500-700 (midpoint 600); manufacturing cost Rs80-120/unit
IN skincare gross_margin,80.0,percent,INR,IN,skincare,2026,CY,NA,The D2C Pulse,https://thed2cpulse.com/growth-strategy/gross-margins-for-d2c-brands-in-india,2026-07-23,LOW,Serum gross markup 75-85% pre-deductions (COGS Rs80-120 vs MRP Rs500-700); true margin lower after packaging/shipping/returns
IN skincare market_share [mass],40.0,percent,USD,IN,skincare,2025,CY,RETAIL,IMA Pro research,https://gaurav.imapro.in/research/india-skincare-market-report,2026-07-23,LOW,"Mass tier (<Rs200) share; Pond's, Nivea, Himalaya, Lakme, Garnier"
IN skincare import_dependence,9.3,percent,USD,IN,skincare,2024,CY,NA,Derived (UN Comtrade / IMARC),,2026-07-23,ESTIMATE,Import-vs-make: India skincare is ~91% domestically supplied by value
IN skincare market_size,9.06,usd_bn,USD,IN,skincare,2025,CY,RETAIL,IMARC Group,https://www.imarcgroup.com/india-skincare-market,2026-07-23,LOW,India skincare total; facial care leads; to US$18.38bn by 2034 (CAGR 7.49%)
IN sun_care market_size,0.89312,usd_bn,USD,IN,sun_care,2024,CY,RETAIL,TechSci Research,https://www.techsciresearch.com/report/india-sunscreen-market/26904.html,2026-07-22,LOW,India sunscreen market; among fastest q-commerce risers
IN sun_care cagr_forecast,6.8,percent,USD,IN,sun_care,2024-2030,range,RETAIL,TechSci Research,https://www.techsciresearch.com/report/india-sunscreen-market/26904.html,2026-07-22,LOW,India sunscreen forecast CAGR to 2030
IN sun_care market_size,0.5766,usd_bn,USD,IN,sun_care,2025,CY,RETAIL,IMARC Group,https://www.imarcgroup.com/india-sunscreen-market,2026-07-23,LOW,India sunscreen; cf TechSci US$0.893bn (2024) — definitional spread; CAGR 6.07%
IN sun_care growth_yoy,170.0,percent,USD,IN,sun_care,2026,CY,RETAIL,1digitalstack / quick-commerce report,https://www.linkedin.com/posts/samiran-mathur_1ds-sunscreen-qcom-report-apr26-activity-7458503608859250688-2W9u,2026-07-23,LOW,Sunscreen on q-commerce projected ~2.7x (i.e. ~+170%) 2026 vs 2025; Tier 2/3 surge
IN total_bpc market_size,33.08,usd_bn,USD,IN,total_bpc,2025,CY,RETAIL,Statista (via China Briefing),,2026-07-21,MEDIUM,Statista consumer-market 'revenue' basis; value_basis_uncertain
IN total_bpc market_size,28.0,usd_bn,USD,IN,total_bpc,2024,CY,RETAIL,Statista (via China Briefing),,2026-07-21,MEDIUM,Lower bound of baseline's US$28-31bn working range; value_basis_uncertain
IN total_bpc market_size,31.19,usd_bn,USD,IN,total_bpc,2025,CY,RETAIL,IMARC,,2026-07-21,LOW,
IN total_bpc cagr_forecast,3.48,percent,USD,IN,total_bpc,2025-2030,range,RETAIL,Statista,,2026-07-21,MEDIUM,Conservative vs consensus ~10%
IN total_bpc growth_yoy,10.0,percent,USD,IN,total_bpc,2024,CY,RETAIL,Baseline consensus (multiple houses),,2026-07-21,LOW,Most houses cluster 10-11%; conservative ones 5-6%
IN total_bpc per_capita_spend,22.74,usd,USD,IN,total_bpc,2025,CY,RETAIL,Statista,,2026-07-21,MEDIUM,Per-person BPC revenue; order of magnitude below Korea
IN total_bpc channel_share,9.4,percent,USD,IN,total_bpc,2025,CY,RETAIL,"Baseline report (projection, source unstated)",,2026-07-21,LOW,Digital channels share of BPC revenue
IN total_bpc channel_share,13.4,percent,INR,IN,total_bpc,2025,CY,RETAIL,Unicommerce,,2026-07-21,MEDIUM,BPC share of Blinkit daily sales — q-commerce channel signal
IN total_bpc market_size,5.5,usd_bn,USD,IN,total_bpc,2025,CY,RETAIL,Baseline report (q-commerce sizing),,2026-07-21,LOW,Indian q-commerce market ALL categories (not BPC-only); Blinkit >50% share; value_basis_uncertain
IN total_bpc revenue,10022.0,inr_cr,INR,IN,total_bpc,FY25,FY,NET_REALISATION,Nykaa (FSN E-Commerce) disclosure,,2026-07-21,MEDIUM,"Company: Nykaa; 265 stores, ~4,200 brands, ~40m beauty customers"
IN total_bpc revenue,2067.0,inr_cr,INR,IN,total_bpc,FY25,FY,NET_REALISATION,Honasa Consumer disclosure,,2026-07-21,MEDIUM,"Company: Honasa (Mamaearth); PAT Rs 73 cr -32%, Project Neev reset"
IN total_bpc revenue,31972.0,inr_cr,INR,IN,total_bpc,FY15,FY,NET_REALISATION,Screener.in (consolidated P&L),https://www.screener.in/company/HINDUNILVR/consolidated/,2026-07-21,HIGH,Company: Hindustan Unilever — annual Sales line; organised sector
IN total_bpc revenue,32186.0,inr_cr,INR,IN,total_bpc,FY16,FY,NET_REALISATION,Screener.in (consolidated P&L),https://www.screener.in/company/HINDUNILVR/consolidated/,2026-07-21,HIGH,Company: Hindustan Unilever — annual Sales line; organised sector
IN total_bpc revenue,33162.0,inr_cr,INR,IN,total_bpc,FY17,FY,NET_REALISATION,Screener.in (consolidated P&L),https://www.screener.in/company/HINDUNILVR/consolidated/,2026-07-21,HIGH,Company: Hindustan Unilever — annual Sales line; organised sector
IN total_bpc revenue,35545.0,inr_cr,INR,IN,total_bpc,FY18,FY,NET_REALISATION,Screener.in (consolidated P&L),https://www.screener.in/company/HINDUNILVR/consolidated/,2026-07-21,HIGH,Company: Hindustan Unilever — annual Sales line; organised sector
IN total_bpc revenue,39310.0,inr_cr,INR,IN,total_bpc,FY19,FY,NET_REALISATION,Screener.in (consolidated P&L),https://www.screener.in/company/HINDUNILVR/consolidated/,2026-07-21,HIGH,Company: Hindustan Unilever — annual Sales line; organised sector
IN total_bpc revenue,39783.0,inr_cr,INR,IN,total_bpc,FY20,FY,NET_REALISATION,Screener.in (consolidated P&L),https://www.screener.in/company/HINDUNILVR/consolidated/,2026-07-21,HIGH,Company: Hindustan Unilever — annual Sales line; organised sector
IN total_bpc revenue,47028.0,inr_cr,INR,IN,total_bpc,FY21,FY,NET_REALISATION,Screener.in (consolidated P&L),https://www.screener.in/company/HINDUNILVR/consolidated/,2026-07-21,HIGH,Company: Hindustan Unilever — annual Sales line; organised sector
IN total_bpc revenue,52446.0,inr_cr,INR,IN,total_bpc,FY22,FY,NET_REALISATION,Screener.in (consolidated P&L),https://www.screener.in/company/HINDUNILVR/consolidated/,2026-07-21,HIGH,Company: Hindustan Unilever — annual Sales line; organised sector
IN total_bpc revenue,60580.0,inr_cr,INR,IN,total_bpc,FY23,FY,NET_REALISATION,Screener.in (consolidated P&L),https://www.screener.in/company/HINDUNILVR/consolidated/,2026-07-21,HIGH,Company: Hindustan Unilever — annual Sales line; organised sector
IN total_bpc revenue,61896.0,inr_cr,INR,IN,total_bpc,FY24,FY,NET_REALISATION,Screener.in (consolidated P&L),https://www.screener.in/company/HINDUNILVR/consolidated/,2026-07-21,HIGH,Company: Hindustan Unilever — annual Sales line; organised sector
IN total_bpc revenue,61328.0,inr_cr,INR,IN,total_bpc,FY25,FY,NET_REALISATION,Screener.in (consolidated P&L),https://www.screener.in/company/HINDUNILVR/consolidated/,2026-07-21,HIGH,Company: Hindustan Unilever — annual Sales line; organised sector
IN total_bpc revenue,64468.0,inr_cr,INR,IN,total_bpc,FY26,FY,NET_REALISATION,Screener.in (consolidated P&L),https://www.screener.in/company/HINDUNILVR/consolidated/,2026-07-21,HIGH,Company: Hindustan Unilever — annual Sales line; organised sector
IN total_bpc revenue,574.0,inr_cr,INR,IN,total_bpc,FY18,FY,NET_REALISATION,Screener.in (consolidated P&L),https://www.screener.in/company/NYKAA/consolidated/,2026-07-21,HIGH,Company: Nykaa (FSN E-Commerce) — annual Sales line; organised sector
IN total_bpc revenue,1111.0,inr_cr,INR,IN,total_bpc,FY19,FY,NET_REALISATION,Screener.in (consolidated P&L),https://www.screener.in/company/NYKAA/consolidated/,2026-07-21,HIGH,Company: Nykaa (FSN E-Commerce) — annual Sales line; organised sector
IN total_bpc revenue,1768.0,inr_cr,INR,IN,total_bpc,FY20,FY,NET_REALISATION,Screener.in (consolidated P&L),https://www.screener.in/company/NYKAA/consolidated/,2026-07-21,HIGH,Company: Nykaa (FSN E-Commerce) — annual Sales line; organised sector
IN total_bpc revenue,2441.0,inr_cr,INR,IN,total_bpc,FY21,FY,NET_REALISATION,Screener.in (consolidated P&L),https://www.screener.in/company/NYKAA/consolidated/,2026-07-21,HIGH,Company: Nykaa (FSN E-Commerce) — annual Sales line; organised sector
IN total_bpc revenue,3774.0,inr_cr,INR,IN,total_bpc,FY22,FY,NET_REALISATION,Screener.in (consolidated P&L),https://www.screener.in/company/NYKAA/consolidated/,2026-07-21,HIGH,Company: Nykaa (FSN E-Commerce) — annual Sales line; organised sector
IN total_bpc revenue,5144.0,inr_cr,INR,IN,total_bpc,FY23,FY,NET_REALISATION,Screener.in (consolidated P&L),https://www.screener.in/company/NYKAA/consolidated/,2026-07-21,HIGH,Company: Nykaa (FSN E-Commerce) — annual Sales line; organised sector
IN total_bpc revenue,6386.0,inr_cr,INR,IN,total_bpc,FY24,FY,NET_REALISATION,Screener.in (consolidated P&L),https://www.screener.in/company/NYKAA/consolidated/,2026-07-21,HIGH,Company: Nykaa (FSN E-Commerce) — annual Sales line; organised sector
IN total_bpc revenue,7950.0,inr_cr,INR,IN,total_bpc,FY25,FY,NET_REALISATION,Screener.in (consolidated P&L),https://www.screener.in/company/NYKAA/consolidated/,2026-07-21,HIGH,Company: Nykaa (FSN E-Commerce) — annual Sales line; organised sector
IN total_bpc revenue,10022.0,inr_cr,INR,IN,total_bpc,FY26,FY,NET_REALISATION,Screener.in (consolidated P&L),https://www.screener.in/company/NYKAA/consolidated/,2026-07-21,HIGH,Company: Nykaa (FSN E-Commerce) — annual Sales line; organised sector
IN total_bpc revenue,460.0,inr_cr,INR,IN,total_bpc,FY21,FY,NET_REALISATION,Screener.in (consolidated P&L),https://www.screener.in/company/HONASA/consolidated/,2026-07-21,HIGH,Company: Honasa Consumer — annual Sales line; organised sector
IN total_bpc revenue,943.0,inr_cr,INR,IN,total_bpc,FY22,FY,NET_REALISATION,Screener.in (consolidated P&L),https://www.screener.in/company/HONASA/consolidated/,2026-07-21,HIGH,Company: Honasa Consumer — annual Sales line; organised sector
IN total_bpc revenue,1493.0,inr_cr,INR,IN,total_bpc,FY23,FY,NET_REALISATION,Screener.in (consolidated P&L),https://www.screener.in/company/HONASA/consolidated/,2026-07-21,HIGH,Company: Honasa Consumer — annual Sales line; organised sector
IN total_bpc revenue,1920.0,inr_cr,INR,IN,total_bpc,FY24,FY,NET_REALISATION,Screener.in (consolidated P&L),https://www.screener.in/company/HONASA/consolidated/,2026-07-21,HIGH,Company: Honasa Consumer — annual Sales line; organised sector
IN total_bpc revenue,2067.0,inr_cr,INR,IN,total_bpc,FY25,FY,NET_REALISATION,Screener.in (consolidated P&L),https://www.screener.in/company/HONASA/consolidated/,2026-07-21,HIGH,Company: Honasa Consumer — annual Sales line; organised sector
IN total_bpc revenue,2392.0,inr_cr,INR,IN,total_bpc,FY26,FY,NET_REALISATION,Screener.in (consolidated P&L),https://www.screener.in/company/HONASA/consolidated/,2026-07-21,HIGH,Company: Honasa Consumer — annual Sales line; organised sector
IN total_bpc revenue,8273.0,inr_cr,INR,IN,total_bpc,FY15,FY,NET_REALISATION,Screener.in (consolidated P&L),https://www.screener.in/company/GODREJCP/consolidated/,2026-07-21,HIGH,Company: Godrej Consumer Products — annual Sales line; organised sector
IN total_bpc revenue,8424.0,inr_cr,INR,IN,total_bpc,FY16,FY,NET_REALISATION,Screener.in (consolidated P&L),https://www.screener.in/company/GODREJCP/consolidated/,2026-07-21,HIGH,Company: Godrej Consumer Products — annual Sales line; organised sector
IN total_bpc revenue,9268.0,inr_cr,INR,IN,total_bpc,FY17,FY,NET_REALISATION,Screener.in (consolidated P&L),https://www.screener.in/company/GODREJCP/consolidated/,2026-07-21,HIGH,Company: Godrej Consumer Products — annual Sales line; organised sector
IN total_bpc revenue,9847.0,inr_cr,INR,IN,total_bpc,FY18,FY,NET_REALISATION,Screener.in (consolidated P&L),https://www.screener.in/company/GODREJCP/consolidated/,2026-07-21,HIGH,Company: Godrej Consumer Products — annual Sales line; organised sector
IN total_bpc revenue,10314.0,inr_cr,INR,IN,total_bpc,FY19,FY,NET_REALISATION,Screener.in (consolidated P&L),https://www.screener.in/company/GODREJCP/consolidated/,2026-07-21,HIGH,Company: Godrej Consumer Products — annual Sales line; organised sector
IN total_bpc revenue,9911.0,inr_cr,INR,IN,total_bpc,FY20,FY,NET_REALISATION,Screener.in (consolidated P&L),https://www.screener.in/company/GODREJCP/consolidated/,2026-07-21,HIGH,Company: Godrej Consumer Products — annual Sales line; organised sector
IN total_bpc revenue,11029.0,inr_cr,INR,IN,total_bpc,FY21,FY,NET_REALISATION,Screener.in (consolidated P&L),https://www.screener.in/company/GODREJCP/consolidated/,2026-07-21,HIGH,Company: Godrej Consumer Products — annual Sales line; organised sector
IN total_bpc revenue,12276.0,inr_cr,INR,IN,total_bpc,FY22,FY,NET_REALISATION,Screener.in (consolidated P&L),https://www.screener.in/company/GODREJCP/consolidated/,2026-07-21,HIGH,Company: Godrej Consumer Products — annual Sales line; organised sector
IN total_bpc revenue,13316.0,inr_cr,INR,IN,total_bpc,FY23,FY,NET_REALISATION,Screener.in (consolidated P&L),https://www.screener.in/company/GODREJCP/consolidated/,2026-07-21,HIGH,Company: Godrej Consumer Products — annual Sales line; organised sector
IN total_bpc revenue,14096.0,inr_cr,INR,IN,total_bpc,FY24,FY,NET_REALISATION,Screener.in (consolidated P&L),https://www.screener.in/company/GODREJCP/consolidated/,2026-07-21,HIGH,Company: Godrej Consumer Products — annual Sales line; organised sector
IN total_bpc revenue,13997.0,inr_cr,INR,IN,total_bpc,FY25,FY,NET_REALISATION,Screener.in (consolidated P&L),https://www.screener.in/company/GODREJCP/consolidated/,2026-07-21,HIGH,Company: Godrej Consumer Products — annual Sales line; organised sector
IN total_bpc revenue,15178.0,inr_cr,INR,IN,total_bpc,FY26,FY,NET_REALISATION,Screener.in (consolidated P&L),https://www.screener.in/company/GODREJCP/consolidated/,2026-07-21,HIGH,Company: Godrej Consumer Products — annual Sales line; organised sector
IN total_bpc market_size,0.4,usd_bn,USD,IN,total_bpc,2024,CY,RETAIL,Economic Times Retail (consulting estimate),https://retail.economictimes.indiatimes.com/news/health-and-beauty/indias-k-beauty-market-forecast-15-billion-by-2030/123190386,2026-07-22,MEDIUM,[CORRIDOR] Korean-beauty market IN India; fastest-growing BPC segment
IN total_bpc market_size,1.5,usd_bn,USD,IN,total_bpc,2030,CY,RETAIL,Economic Times Retail (consulting estimate),https://retail.economictimes.indiatimes.com/news/health-and-beauty/indias-k-beauty-market-forecast-15-billion-by-2030/123190386,2026-07-22,MEDIUM,"[CORRIDOR] K-beauty in India, 2030 forecast"
IN total_bpc cagr_forecast,25.9,percent,USD,IN,total_bpc,2024-2030,range,RETAIL,Economic Times Retail (consulting estimate),https://retail.economictimes.indiatimes.com/news/health-and-beauty/indias-k-beauty-market-forecast-15-billion-by-2030/123190386,2026-07-22,MEDIUM,[CORRIDOR] K-beauty in India forecast CAGR 2024-2030
IN total_bpc market_size,3139.31,inr_cr,INR,IN,total_bpc,2025,CY,RETAIL,Expert Market Research,https://www.expertmarketresearch.com/reports/india-k-beauty-products-market,2026-07-22,LOW,[CORRIDOR] Alt K-beauty India estimate (~US$0.33bn); CAGR ~26.3% 2026-2035
IN total_bpc market_size,3.9,usd_bn,USD,IN,total_bpc,2023,CY,RETAIL,BlueWeave Consulting,https://www.blueweaveconsulting.com/report/india-quick-commerce-market,2026-07-22,LOW,India q-commerce ALL categories (not BPC-only); CAGR ~39.9% to 2030; value_basis_uncertain
IN total_bpc import_value,0.120193,usd_bn,USD,IN,total_bpc,2024,CY,IMPORT_CIF,UN Comtrade,https://comtradeplus.un.org,2026-07-23,HIGH,"HS 3307 India imports from World (UN Comtrade, CIF USD)."
IN total_bpc import_value,0.002055,usd_bn,USD,IN,total_bpc,2024,CY,IMPORT_CIF,UN Comtrade,https://comtradeplus.un.org,2026-07-23,HIGH,"HS 3307 India imports from Korea (UN Comtrade, CIF USD). [CORRIDOR]"
IN total_bpc import_value,0.009913,usd_bn,USD,IN,total_bpc,2024,CY,IMPORT_CIF,UN Comtrade,https://comtradeplus.un.org,2026-07-23,HIGH,"HS 3307 India imports from China (UN Comtrade, CIF USD)."
IN total_bpc operating_margin,17.0,percent,INR,IN,total_bpc,FY15,FY,NA,Screener.in (consolidated P&L),https://www.screener.in/company/HINDUNILVR/consolidated/,2026-07-23,HIGH,Company: Hindustan Unilever — operating margin (OPM %); cost-structure proxy
IN total_bpc operating_margin,18.0,percent,INR,IN,total_bpc,FY16,FY,NA,Screener.in (consolidated P&L),https://www.screener.in/company/HINDUNILVR/consolidated/,2026-07-23,HIGH,Company: Hindustan Unilever — operating margin (OPM %); cost-structure proxy
IN total_bpc operating_margin,19.0,percent,INR,IN,total_bpc,FY17,FY,NA,Screener.in (consolidated P&L),https://www.screener.in/company/HINDUNILVR/consolidated/,2026-07-23,HIGH,Company: Hindustan Unilever — operating margin (OPM %); cost-structure proxy
IN total_bpc operating_margin,21.0,percent,INR,IN,total_bpc,FY18,FY,NA,Screener.in (consolidated P&L),https://www.screener.in/company/HINDUNILVR/consolidated/,2026-07-23,HIGH,Company: Hindustan Unilever — operating margin (OPM %); cost-structure proxy
IN total_bpc operating_margin,23.0,percent,INR,IN,total_bpc,FY19,FY,NA,Screener.in (consolidated P&L),https://www.screener.in/company/HINDUNILVR/consolidated/,2026-07-23,HIGH,Company: Hindustan Unilever — operating margin (OPM %); cost-structure proxy
IN total_bpc operating_margin,25.0,percent,INR,IN,total_bpc,FY20,FY,NA,Screener.in (consolidated P&L),https://www.screener.in/company/HINDUNILVR/consolidated/,2026-07-23,HIGH,Company: Hindustan Unilever — operating margin (OPM %); cost-structure proxy
IN total_bpc operating_margin,25.0,percent,INR,IN,total_bpc,FY21,FY,NA,Screener.in (consolidated P&L),https://www.screener.in/company/HINDUNILVR/consolidated/,2026-07-23,HIGH,Company: Hindustan Unilever — operating margin (OPM %); cost-structure proxy
IN total_bpc operating_margin,25.0,percent,INR,IN,total_bpc,FY22,FY,NA,Screener.in (consolidated P&L),https://www.screener.in/company/HINDUNILVR/consolidated/,2026-07-23,HIGH,Company: Hindustan Unilever — operating margin (OPM %); cost-structure proxy
IN total_bpc operating_margin,23.0,percent,INR,IN,total_bpc,FY23,FY,NA,Screener.in (consolidated P&L),https://www.screener.in/company/HINDUNILVR/consolidated/,2026-07-23,HIGH,Company: Hindustan Unilever — operating margin (OPM %); cost-structure proxy
IN total_bpc operating_margin,24.0,percent,INR,IN,total_bpc,FY24,FY,NA,Screener.in (consolidated P&L),https://www.screener.in/company/HINDUNILVR/consolidated/,2026-07-23,HIGH,Company: Hindustan Unilever — operating margin (OPM %); cost-structure proxy
IN total_bpc operating_margin,24.0,percent,INR,IN,total_bpc,FY25,FY,NA,Screener.in (consolidated P&L),https://www.screener.in/company/HINDUNILVR/consolidated/,2026-07-23,HIGH,Company: Hindustan Unilever — operating margin (OPM %); cost-structure proxy
IN total_bpc operating_margin,23.0,percent,INR,IN,total_bpc,FY26,FY,NA,Screener.in (consolidated P&L),https://www.screener.in/company/HINDUNILVR/consolidated/,2026-07-23,HIGH,Company: Hindustan Unilever — operating margin (OPM %); cost-structure proxy
IN total_bpc operating_margin,-5.0,percent,INR,IN,total_bpc,FY18,FY,NA,Screener.in (consolidated P&L),https://www.screener.in/company/NYKAA/consolidated/,2026-07-23,HIGH,Company: Nykaa (FSN E-Commerce) — operating margin (OPM %); cost-structure proxy
IN total_bpc operating_margin,2.0,percent,INR,IN,total_bpc,FY19,FY,NA,Screener.in (consolidated P&L),https://www.screener.in/company/NYKAA/consolidated/,2026-07-23,HIGH,Company: Nykaa (FSN E-Commerce) — operating margin (OPM %); cost-structure proxy
IN total_bpc operating_margin,5.0,percent,INR,IN,total_bpc,FY20,FY,NA,Screener.in (consolidated P&L),https://www.screener.in/company/NYKAA/consolidated/,2026-07-23,HIGH,Company: Nykaa (FSN E-Commerce) — operating margin (OPM %); cost-structure proxy
IN total_bpc operating_margin,6.0,percent,INR,IN,total_bpc,FY21,FY,NA,Screener.in (consolidated P&L),https://www.screener.in/company/NYKAA/consolidated/,2026-07-23,HIGH,Company: Nykaa (FSN E-Commerce) — operating margin (OPM %); cost-structure proxy
IN total_bpc operating_margin,4.0,percent,INR,IN,total_bpc,FY22,FY,NA,Screener.in (consolidated P&L),https://www.screener.in/company/NYKAA/consolidated/,2026-07-23,HIGH,Company: Nykaa (FSN E-Commerce) — operating margin (OPM %); cost-structure proxy
IN total_bpc operating_margin,5.0,percent,INR,IN,total_bpc,FY23,FY,NA,Screener.in (consolidated P&L),https://www.screener.in/company/NYKAA/consolidated/,2026-07-23,HIGH,Company: Nykaa (FSN E-Commerce) — operating margin (OPM %); cost-structure proxy
IN total_bpc operating_margin,5.0,percent,INR,IN,total_bpc,FY24,FY,NA,Screener.in (consolidated P&L),https://www.screener.in/company/NYKAA/consolidated/,2026-07-23,HIGH,Company: Nykaa (FSN E-Commerce) — operating margin (OPM %); cost-structure proxy
IN total_bpc operating_margin,6.0,percent,INR,IN,total_bpc,FY25,FY,NA,Screener.in (consolidated P&L),https://www.screener.in/company/NYKAA/consolidated/,2026-07-23,HIGH,Company: Nykaa (FSN E-Commerce) — operating margin (OPM %); cost-structure proxy
IN total_bpc operating_margin,8.0,percent,INR,IN,total_bpc,FY26,FY,NA,Screener.in (consolidated P&L),https://www.screener.in/company/NYKAA/consolidated/,2026-07-23,HIGH,Company: Nykaa (FSN E-Commerce) — operating margin (OPM %); cost-structure proxy
IN total_bpc operating_margin,-290.0,percent,INR,IN,total_bpc,FY21,FY,NA,Screener.in (consolidated P&L),https://www.screener.in/company/HONASA/consolidated/,2026-07-23,HIGH,Company: Honasa Consumer — operating margin (OPM %); cost-structure proxy
IN total_bpc operating_margin,1.0,percent,INR,IN,total_bpc,FY22,FY,NA,Screener.in (consolidated P&L),https://www.screener.in/company/HONASA/consolidated/,2026-07-23,HIGH,Company: Honasa Consumer — operating margin (OPM %); cost-structure proxy
IN total_bpc operating_margin,2.0,percent,INR,IN,total_bpc,FY23,FY,NA,Screener.in (consolidated P&L),https://www.screener.in/company/HONASA/consolidated/,2026-07-23,HIGH,Company: Honasa Consumer — operating margin (OPM %); cost-structure proxy
IN total_bpc operating_margin,7.0,percent,INR,IN,total_bpc,FY24,FY,NA,Screener.in (consolidated P&L),https://www.screener.in/company/HONASA/consolidated/,2026-07-23,HIGH,Company: Honasa Consumer — operating margin (OPM %); cost-structure proxy
IN total_bpc operating_margin,3.0,percent,INR,IN,total_bpc,FY25,FY,NA,Screener.in (consolidated P&L),https://www.screener.in/company/HONASA/consolidated/,2026-07-23,HIGH,Company: Honasa Consumer — operating margin (OPM %); cost-structure proxy
IN total_bpc operating_margin,10.0,percent,INR,IN,total_bpc,FY26,FY,NA,Screener.in (consolidated P&L),https://www.screener.in/company/HONASA/consolidated/,2026-07-23,HIGH,Company: Honasa Consumer — operating margin (OPM %); cost-structure proxy
IN total_bpc operating_margin,17.0,percent,INR,IN,total_bpc,FY15,FY,NA,Screener.in (consolidated P&L),https://www.screener.in/company/GODREJCP/consolidated/,2026-07-23,HIGH,Company: Godrej Consumer Products — operating margin (OPM %); cost-structure proxy
IN total_bpc operating_margin,20.0,percent,INR,IN,total_bpc,FY16,FY,NA,Screener.in (consolidated P&L),https://www.screener.in/company/GODREJCP/consolidated/,2026-07-23,HIGH,Company: Godrej Consumer Products — operating margin (OPM %); cost-structure proxy
IN total_bpc operating_margin,21.0,percent,INR,IN,total_bpc,FY17,FY,NA,Screener.in (consolidated P&L),https://www.screener.in/company/GODREJCP/consolidated/,2026-07-23,HIGH,Company: Godrej Consumer Products — operating margin (OPM %); cost-structure proxy
IN total_bpc operating_margin,21.0,percent,INR,IN,total_bpc,FY18,FY,NA,Screener.in (consolidated P&L),https://www.screener.in/company/GODREJCP/consolidated/,2026-07-23,HIGH,Company: Godrej Consumer Products — operating margin (OPM %); cost-structure proxy
IN total_bpc operating_margin,21.0,percent,INR,IN,total_bpc,FY19,FY,NA,Screener.in (consolidated P&L),https://www.screener.in/company/GODREJCP/consolidated/,2026-07-23,HIGH,Company: Godrej Consumer Products — operating margin (OPM %); cost-structure proxy
IN total_bpc operating_margin,22.0,percent,INR,IN,total_bpc,FY20,FY,NA,Screener.in (consolidated P&L),https://www.screener.in/company/GODREJCP/consolidated/,2026-07-23,HIGH,Company: Godrej Consumer Products — operating margin (OPM %); cost-structure proxy
IN total_bpc operating_margin,22.0,percent,INR,IN,total_bpc,FY21,FY,NA,Screener.in (consolidated P&L),https://www.screener.in/company/GODREJCP/consolidated/,2026-07-23,HIGH,Company: Godrej Consumer Products — operating margin (OPM %); cost-structure proxy
IN total_bpc operating_margin,20.0,percent,INR,IN,total_bpc,FY22,FY,NA,Screener.in (consolidated P&L),https://www.screener.in/company/GODREJCP/consolidated/,2026-07-23,HIGH,Company: Godrej Consumer Products — operating margin (OPM %); cost-structure proxy
IN total_bpc operating_margin,18.0,percent,INR,IN,total_bpc,FY23,FY,NA,Screener.in (consolidated P&L),https://www.screener.in/company/GODREJCP/consolidated/,2026-07-23,HIGH,Company: Godrej Consumer Products — operating margin (OPM %); cost-structure proxy
IN total_bpc operating_margin,21.0,percent,INR,IN,total_bpc,FY24,FY,NA,Screener.in (consolidated P&L),https://www.screener.in/company/GODREJCP/consolidated/,2026-07-23,HIGH,Company: Godrej Consumer Products — operating margin (OPM %); cost-structure proxy
IN total_bpc operating_margin,22.0,percent,INR,IN,total_bpc,FY25,FY,NA,Screener.in (consolidated P&L),https://www.screener.in/company/GODREJCP/consolidated/,2026-07-23,HIGH,Company: Godrej Consumer Products — operating margin (OPM %); cost-structure proxy
IN total_bpc operating_margin,21.0,percent,INR,IN,total_bpc,FY26,FY,NA,Screener.in (consolidated P&L),https://www.screener.in/company/GODREJCP/consolidated/,2026-07-23,HIGH,Company: Godrej Consumer Products — operating margin (OPM %); cost-structure proxy
IN total_bpc market_size,0.335,usd_bn,USD,IN,total_bpc,2026,CY,RETAIL,The Report Cubes,https://www.thereportcubes.com/report-store/k-beauty-products-market-india,2026-07-23,LOW,[CORRIDOR] K-beauty in India; CAGR 19.17% to US$1.36bn by 2034; cf Economic Times 25.9% CAGR
IN total_bpc growth_yoy,160.0,percent,USD,IN,total_bpc,2025,CY,RETAIL,RedSeer (via Unicommerce),https://unicommerce.com/blog/beauty-trends-quick-commerce,2026-07-23,MEDIUM,"Beauty on QUICK COMMERCE channel YoY growth (channel, not overall market)"
IN total_bpc market_size,27.0,usd_bn,USD,IN,total_bpc,2025,CY,RETAIL,RedSeer (via Outlook Business),https://www.outlookbusiness.com/markets/indias-beauty-products-market-projected-to-reach-39-bn-by-2030-report,2026-07-23,MEDIUM,India BPC ~US$27bn now to US$39bn by 2030; cf Statista US$33.08bn (basket diff)
KR bath_shower export_value,0.59,usd_bn,USD,KR,bath_shower,2025,CY,EXPORT_FOB,MFDS via Yonhap/Korea Herald,,2026-07-21,HIGH,'Body cleansing products' category
KR colour_cosmetics export_value,1.51,usd_bn,USD,KR,colour_cosmetics,2025,CY,EXPORT_FOB,MFDS via Yonhap/Korea Herald,,2026-07-21,HIGH,~13% of total exports
KR colour_cosmetics growth_yoy,12.0,percent,USD,KR,colour_cosmetics,2025,CY,EXPORT_FOB,MFDS via Yonhap/Korea Herald,,2026-07-21,HIGH,
KR dermocosmetics growth_yoy,13.0,percent,KRW,KR,dermocosmetics,2024,CY,RETAIL,Euromonitor International,,2026-07-21,HIGH,"Driven by PDRN, exosomes, peptides"
KR fragrances export_value,0.06,usd_bn,USD,KR,fragrances,2025,CY,EXPORT_FOB,MFDS via Yonhap/Korea Herald,,2026-07-21,HIGH,"+46.2% YoY, small base"
KR fragrances export_value,6e-06,usd_bn,USD,KR,fragrances,2024,CY,EXPORT_FOB,UN Comtrade,https://comtradeplus.un.org,2026-07-21,HIGH,"HS 3303 Korea exports to India (UN Comtrade, FOB USD). [CORRIDOR]"
KR fragrances export_value,0.039471,usd_bn,USD,KR,fragrances,2024,CY,EXPORT_FOB,UN Comtrade,https://comtradeplus.un.org,2026-07-21,HIGH,"HS 3303 Korea exports to World (UN Comtrade, FOB USD)."
KR hair_care export_value,0.003277,usd_bn,USD,KR,hair_care,2024,CY,EXPORT_FOB,UN Comtrade,https://comtradeplus.un.org,2026-07-21,HIGH,"HS 3305 Korea exports to India (UN Comtrade, FOB USD). [CORRIDOR]"
KR hair_care export_value,0.413075,usd_bn,USD,KR,hair_care,2024,CY,EXPORT_FOB,UN Comtrade,https://comtradeplus.un.org,2026-07-21,HIGH,"HS 3305 Korea exports to World (UN Comtrade, FOB USD)."
KR oral_care export_value,0.000251,usd_bn,USD,KR,oral_care,2024,CY,EXPORT_FOB,UN Comtrade,https://comtradeplus.un.org,2026-07-21,HIGH,"HS 3306 Korea exports to India (UN Comtrade, FOB USD). [CORRIDOR]"
KR oral_care export_value,0.079986,usd_bn,USD,KR,oral_care,2024,CY,EXPORT_FOB,UN Comtrade,https://comtradeplus.un.org,2026-07-21,HIGH,"HS 3306 Korea exports to World (UN Comtrade, FOB USD)."
KR skincare export_value,8.54,usd_bn,USD,KR,skincare,2025,CY,EXPORT_FOB,MFDS via Yonhap/Korea Herald,,2026-07-21,HIGH,~75% of total exports
KR skincare growth_yoy,11.6,percent,USD,KR,skincare,2025,CY,EXPORT_FOB,MFDS via Yonhap/Korea Herald,,2026-07-21,HIGH,
KR skincare export_value,0.065624,usd_bn,USD,KR,skincare,2024,CY,EXPORT_FOB,UN Comtrade,https://comtradeplus.un.org,2026-07-21,HIGH,"HS 3304 Korea exports to India (UN Comtrade, FOB USD). HS 3304 includes makeup as well as skincare. [CORRIDOR]"
KR skincare export_value,8.566629,usd_bn,USD,KR,skincare,2024,CY,EXPORT_FOB,UN Comtrade,https://comtradeplus.un.org,2026-07-21,HIGH,"HS 3304 Korea exports to World (UN Comtrade, FOB USD). HS 3304 includes makeup as well as skincare."
KR skincare market_size,7.653,krw_tn,KRW,KR,skincare,2025,CY,RETAIL,Euromonitor International (via marketresearch.com),https://www.marketresearch.com/seek/Skin-Care-South-Korea/1554/1229/1.html,2026-07-22,HIGH,Domestic retail value; +1% YoY; population 51.7m cited
KR skincare growth_yoy,1.0,percent,KRW,KR,skincare,2025,CY,RETAIL,Euromonitor International (via marketresearch.com),https://www.marketresearch.com/seek/Skin-Care-South-Korea/1554/1229/1.html,2026-07-22,HIGH,Korea skincare domestic retail growth
KR total_bpc market_size,13.0,usd_bn,USD,KR,total_bpc,2024,CY,RETAIL,Euromonitor International,,2026-07-21,HIGH,Category-consistent BPC definition; report's highest-weighted total
KR total_bpc growth_yoy,1.8,percent,USD,KR,total_bpc,2024,CY,RETAIL,Euromonitor International,,2026-07-21,HIGH,Constant value terms
KR total_bpc market_size,13.66,usd_bn,USD,KR,total_bpc,2025,CY,RETAIL,Mordor Intelligence,,2026-07-21,LOW,Broader 'cosmetics' basket; treat cautiously per baseline; value_basis_uncertain
KR total_bpc cagr_forecast,6.61,percent,USD,KR,total_bpc,2025-2030,range,RETAIL,Mordor Intelligence,,2026-07-21,LOW,Forecast CAGR to 2030; broader basket
KR total_bpc market_size,18.39,usd_bn,USD,KR,total_bpc,2025,CY,RETAIL,Expert Market Research,,2026-07-21,LOW,"'Cosmetics' definition, broader than BPC; value_basis_uncertain"
KR total_bpc per_capita_spend,250.0,usd,USD,KR,total_bpc,2024,CY,RETAIL,Baseline report (derived),,2026-07-21,ESTIMATE,Order-of-magnitude comparison vs India
KR total_bpc market_size [premium],5.88,usd_bn,USD,KR,total_bpc,2024,CY,RETAIL,Baseline report (source unstated),,2026-07-21,LOW,Aggregate premium value; source not stated in baseline; value_basis_uncertain
KR total_bpc export_value,11.43,usd_bn,USD,KR,total_bpc,2025,CY,EXPORT_FOB,MFDS / Korea Customs Service,,2026-07-21,HIGH,Record; world #2 cosmetics exporter
KR total_bpc growth_yoy,12.3,percent,USD,KR,total_bpc,2025,CY,EXPORT_FOB,MFDS / Korea Customs Service,,2026-07-21,HIGH,Export growth
KR total_bpc export_value,10.2,usd_bn,USD,KR,total_bpc,2024,CY,EXPORT_FOB,MFDS / Korea Customs Service,,2026-07-21,HIGH,+20.3% YoY
KR total_bpc export_value,2.2,usd_bn,USD,KR,total_bpc,2025,CY,EXPORT_FOB,MFDS / Korea Customs Service,,2026-07-21,HIGH,"Destination: US (#1 destination, +15.1%)"
KR total_bpc export_value,2.0,usd_bn,USD,KR,total_bpc,2025,CY,EXPORT_FOB,MFDS / Korea Customs Service,,2026-07-21,HIGH,Destination: China (-19.2% YoY)
KR total_bpc export_value,0.282,usd_bn,USD,KR,total_bpc,2025,CY,EXPORT_FOB,MFDS / Korea Customs Service,,2026-07-21,HIGH,"Destination: Poland, breakout market +111.7%"
KR total_bpc export_value,0.286,usd_bn,USD,KR,total_bpc,2025,CY,EXPORT_FOB,MFDS / Korea Customs Service,,2026-07-21,HIGH,"Destination: UAE, breakout market +67.2%"
KR total_bpc export_value,0.05,usd_bn,USD,KR,total_bpc,H1_2025,H1,EXPORT_FOB,MFDS / Korea Customs Service,,2026-07-21,MEDIUM,"Destination: India; ~US$50m base, +44.7% H1 2025 basis"
KR total_bpc production_value,17.54,krw_tn,KRW,KR,total_bpc,2024,CY,PRODUCTION,MFDS,,2026-07-21,HIGH,Record domestic production value
KR total_bpc production_value,17.9,krw_tn,KRW,KR,total_bpc,2025,CY,PRODUCTION,MFDS,,2026-07-21,HIGH,
KR total_bpc production_value,1.61,krw_tn,KRW,KR,total_bpc,2025,CY,PRODUCTION,MFDS,,2026-07-21,HIGH,Company: Cosmax — #1 by production value
KR total_bpc production_value,1.3,krw_tn,KRW,KR,total_bpc,2025,CY,PRODUCTION,MFDS,,2026-07-21,HIGH,Company: Kolmar Korea — #2 by production value
KR total_bpc production_value,353.0,krw_bn,KRW,KR,total_bpc,2025,CY,PRODUCTION,MFDS,,2026-07-21,HIGH,Company: Cosmecca Korea — #3 by production value
KR total_bpc production_value,285.0,krw_bn,KRW,KR,total_bpc,2025,CY,PRODUCTION,MFDS (via Reach24H analysis),,2026-07-21,MEDIUM,"Company: APR (Medicube), +177.8%, rank 21 to 4"
KR total_bpc production_value,228.5,krw_bn,KRW,KR,total_bpc,2025,CY,PRODUCTION,MFDS (via Reach24H analysis),,2026-07-21,MEDIUM,"Company: The Founders (Anua), +50%"
KR total_bpc production_value,184.1,krw_bn,KRW,KR,total_bpc,2025,CY,PRODUCTION,MFDS (via Reach24H analysis),,2026-07-21,MEDIUM,"Company: Gudai Global (Beauty of Joseon), +68.6%"
KR total_bpc production_value,166.2,krw_bn,KRW,KR,total_bpc,2025,CY,PRODUCTION,MFDS (via Reach24H analysis),,2026-07-21,MEDIUM,"Company: Benow, +52.9%"
KR total_bpc market_share [premium],22.0,percent,KRW,KR,total_bpc,2024,CY,RETAIL,Euromonitor International,,2026-07-21,HIGH,Company: AmorePacific share of premium BPC
KR total_bpc revenue,4.25,krw_tn,KRW,KR,total_bpc,2025,CY,NET_REALISATION,AmorePacific disclosure via trade press,,2026-07-21,MEDIUM,"Company: AmorePacific, +9.5% YoY; OP KRW 335.8bn +52.3%"
KR total_bpc revenue,6.36,krw_tn,KRW,KR,total_bpc,2025,CY,NET_REALISATION,LG H&H disclosure via trade press,,2026-07-21,MEDIUM,"Company: LG H&H, -6.7% YoY; OP KRW 170.7bn -62.8%; includes non-BPC HDB lines"
KR total_bpc revenue,2.39,krw_tn,KRW,KR,total_bpc,2025,CY,NET_REALISATION,Korea Product Post,,2026-07-21,MEDIUM,"Company: Cosmax (ODM), record year"
KR total_bpc revenue,2.16,krw_tn,KRW,KR,total_bpc,2024,CY,NET_REALISATION,Korea Biomedical Review,,2026-07-21,MEDIUM,"Company: Cosmax (ODM), +21.9% YoY"
KR total_bpc revenue,2.72,krw_tn,KRW,KR,total_bpc,2025,CY,NET_REALISATION,Korea Biomedical Review,,2026-07-21,MEDIUM,Company: Kolmar Korea (ODM); OP KRW 239.6bn; US subsidiary +71%
KR total_bpc revenue,4.79,krw_tn,KRW,KR,total_bpc,2024,CY,NET_REALISATION,Seoul Economic Daily,,2026-07-21,MEDIUM,"Company: CJ Olive Young (retailer), +~22% YoY"
KR total_bpc revenue,5.83,krw_tn,KRW,KR,total_bpc,2025,CY,NET_REALISATION,Seoul Economic Daily,,2026-07-21,MEDIUM,"Company: CJ Olive Young (retailer), +21.8% YoY, ~1,350-1,370 stores"
KR total_bpc revenue,224.6,krw_bn,KRW,KR,total_bpc,FY24,FY,NET_REALISATION,Baseline report (company disclosure),,2026-07-21,MEDIUM,"Company: Innisfree, -18%; down from KRW 768bn peak (2016); road-shop collapse"
KR total_bpc channel_share,50.0,percent,KRW,KR,total_bpc,2024,CY,RETAIL,Euromonitor International,,2026-07-21,HIGH,E-commerce share of BPC value; reported as '>50%'
KR total_bpc channel_share,60.8,percent,KRW,KR,total_bpc,2024,CY,RETAIL,Korea Ratings via Korea JoongAng Daily,,2026-07-21,MEDIUM,Cosmetics online penetration; up from 39.1% in 2019
KR total_bpc market_size,12.5,krw_tn,KRW,KR,total_bpc,2025,CY,RETAIL,Korea Duty Free Shops Association via Seoul Economic Daily,,2026-07-21,MEDIUM,"Duty-free channel, ALL categories (not BPC-only), -11.8% YoY; value_basis_uncertain"
KR total_bpc market_size,24.8,krw_tn,KRW,KR,total_bpc,2019,CY,RETAIL,Korea Duty Free Shops Association,,2026-07-21,MEDIUM,"Duty-free peak, ALL categories; halved by 2025; value_basis_uncertain"
KR total_bpc market_size,2.5,krw_tn,KRW,KR,total_bpc,2024,CY,RETAIL,Baseline report (scope varies),,2026-07-21,LOW,Live commerce; 'sizing varies by scope definition'; Naver ~73.6% share; value_basis_uncertain
KR total_bpc export_value,0.002497,usd_bn,USD,KR,total_bpc,2024,CY,EXPORT_FOB,UN Comtrade,https://comtradeplus.un.org,2026-07-21,HIGH,"HS 3307 Korea exports to India (UN Comtrade, FOB USD). HS 3307 is mixed shave/deo/bath preparations. [CORRIDOR]"
KR total_bpc export_value,0.730692,usd_bn,USD,KR,total_bpc,2024,CY,EXPORT_FOB,UN Comtrade,https://comtradeplus.un.org,2026-07-21,HIGH,"HS 3307 Korea exports to World (UN Comtrade, FOB USD). HS 3307 is mixed shave/deo/bath preparations."
KR total_bpc revenue,4.253,krw_tn,KRW,KR,total_bpc,2025,CY,NET_REALISATION,DART (FSS) annual filing,https://dart.fss.or.kr,2026-07-23,HIGH,Company: AmorePacific — consolidated revenue from DART
KR total_bpc revenue,6.355,krw_tn,KRW,KR,total_bpc,2025,CY,NET_REALISATION,DART (FSS) annual filing,https://dart.fss.or.kr,2026-07-23,HIGH,Company: LG H&H — consolidated revenue from DART
KR total_bpc revenue,2.399,krw_tn,KRW,KR,total_bpc,2025,CY,NET_REALISATION,DART (FSS) annual filing,https://dart.fss.or.kr,2026-07-23,HIGH,Company: Cosmax — consolidated revenue from DART
KR total_bpc revenue,2.722,krw_tn,KRW,KR,total_bpc,2025,CY,NET_REALISATION,DART (FSS) annual filing,https://dart.fss.or.kr,2026-07-23,HIGH,Company: Kolmar Korea — consolidated revenue from DART
IN total_bpc market_size,32424.0,inr_cr,INR,IN,total_bpc,2035,CY,RETAIL,Expert Market Research,https://www.expertmarketresearch.com/reports/india-k-beauty-products-market,2026-07-23,LOW,[CORRIDOR] K-beauty in India 2035 forecast; from INR 3139.31cr (2025) base at ~26.3% CAGR
IN total_bpc cagr_forecast,26.3,percent,INR,IN,total_bpc,2026-2035,range,RETAIL,Expert Market Research,https://www.expertmarketresearch.com/reports/india-k-beauty-products-market,2026-07-23,LOW,"[CORRIDOR] India K-beauty products market forecast CAGR 2026-2035; fastest-growing beauty sub-trend, K-pop/K-drama pull"
IN sun_care retail_price,1570.0,inr,INR,IN,sun_care,2026,CY,MRP,Nykaa (retailer listing),https://www.nykaa.com/brands/beauty-of-joseon/c/26410,2026-07-23,MEDIUM,"[CORRIDOR] Beauty of Joseon Relief Sunscreen SPF50+; MRP Rs1570, Nykaa sale Rs1256 (20% off) as of 2026-07-23; category bestseller; promo-dependent"
IN skincare retail_price,1490.0,inr,INR,IN,skincare,2026,CY,MRP,Nykaa (retailer listing),https://www.nykaa.com/cosrx-advanced-snail-96-mucin-power-essence/p/757628,2026-07-23,MEDIUM,"[CORRIDOR] COSRX Advanced Snail 96 Mucin Power Essence 100ml; MRP Rs1490, Nykaa sale Rs969 (35% off), Amazon ~Rs949 as of 2026-07-23; hero SKU; promo-dependent"
IN skincare retail_price,2050.0,inr,INR,IN,skincare,2026,CY,MRP,Nykaa (retailer listing),https://www.nykaa.com/anua-heartleaf-77percent-soothing-toner/p/20736553,2026-07-23,MEDIUM,[CORRIDOR] Anua Heartleaf 77% Soothing Toner 250ml; Nykaa list Rs2050 (sale Rs1743); Amazon MRP Rs2999/buy Rs1999 as of 2026-07-23; MRP varies by platform
IN skincare retail_price,600.0,inr,INR,IN,skincare,2026,CY,MRP,Nykaa (retailer listing),https://www.nykaa.com/laneige-lip-sleeping-mask-berry/p/15227410,2026-07-23,MEDIUM,"[CORRIDOR] Laneige Lip Sleeping Mask Berry 8g; MRP Rs600, Nykaa sale Rs510 (15% off); 20g Rs1136 as of 2026-07-23"
IN skincare retail_price,2200.0,inr,INR,IN,skincare,2026,CY,MRP,Nykaa (retailer listing),https://www.nykaa.com/dp/innisfree-serum,2026-07-23,MEDIUM,"[CORRIDOR] Innisfree Green Tea Seed Serum; MRP Rs2200, Nykaa/Amazon sale Rs1650 (25% off) as of 2026-07-23"
IN skincare retail_price,625.0,inr,INR,IN,skincare,2026,CY,MRP,Blinkit (q-commerce snapshot),https://blinkit.com/s/?q=the%20face%20shop,2026-07-23,MEDIUM,[CORRIDOR] The Face Shop Rice Water Bright Foaming Cleanser 100ml; Blinkit Rs625 in stock as of 2026-07-23; entry-price K-beauty on the q-commerce rail
IN skincare retail_price,850.0,inr,INR,IN,skincare,2026,CY,MRP,Blinkit (q-commerce snapshot),https://blinkit.com/s/?q=laneige,2026-07-23,MEDIUM,"[CORRIDOR] Laneige Water Sleeping Mask 25ml; MRP Rs850, Blinkit Rs765 as of 2026-07-23"
IN skincare retail_price,850.0,inr,INR,IN,skincare,2026,CY,MRP,Blinkit (q-commerce snapshot),https://blinkit.com/s/?q=innisfree,2026-07-23,MEDIUM,"[CORRIDOR] Innisfree Green Tea Seed Hyaluronic Face Serum 30ml; MRP Rs850, Blinkit Rs680 as of 2026-07-23 (distinct from the larger Green Tea Seed Serum ~Rs2200)"
IN skincare retail_price,1600.0,inr,INR,IN,skincare,2026,CY,MRP,Blinkit (q-commerce snapshot),https://blinkit.com/s/?q=etude,2026-07-23,MEDIUM,"[CORRIDOR] Etude SoonJung Hydro Barrier Face Cream 75ml (derma); MRP Rs1600, Blinkit Rs1200 as of 2026-07-23"
IN skincare retail_price,1500.0,inr,INR,IN,skincare,2026,CY,MRP,Blinkit (q-commerce snapshot),https://blinkit.com/s/?q=beauty%20of%20joseon,2026-07-23,MEDIUM,[CORRIDOR] Beauty of Joseon Ginseng Skin Essence Water 150ml; Blinkit Rs1500 in stock as of 2026-07-23
IN total_bpc market_size,23.0,usd_bn,USD,IN,total_bpc,FY25,FY,RETAIL,Redseer (Beauty Blitz 2030 article),https://redseer.com/articles/beauty-blitz-2030-mapping-indias-ascent-to-a-40-billion-powerhouse/,2026-07-24,MEDIUM,"Channel: all channels — total India BPC market USD 23bn FY25, 12% CAGR, projected USD 40bn by 2030. Denominator context for channel claims. Organised+unorganised coverage not stated by source."
IN total_bpc market_size,21000.0,inr_cr,INR,IN,total_bpc,2022,CY,RETAIL,"Redseer (BPC in Quick Commerce article, Mar-2026)",https://redseer.com/articles/beauty-personal-care-in-quick-commerce/,2026-07-24,MEDIUM,"Channel: e-commerce (all online) — India online BPC GMV ~INR 21,000 cr CY22. Base year of the 2.4x CY22-CY25 online scaling reported by Redseer."
IN total_bpc market_size,52000.0,inr_cr,INR,IN,total_bpc,2025,CY,RETAIL,"Redseer (BPC in Quick Commerce article, Mar-2026)",https://redseer.com/articles/beauty-personal-care-in-quick-commerce/,2026-07-24,MEDIUM,"Channel: e-commerce (all online) — India online BPC GMV ~INR 52,000 cr CY25 (2.4x vs CY22). Cross-reference: Redseer separately reports INR 56,000 cr for FY26 (see FY26 claim) — CY vs FY basis differs."
IN total_bpc market_size,56000.0,inr_cr,INR,IN,total_bpc,FY26,FY,RETAIL,"Redseer (Habit or Desire article, May-2026)",https://redseer.com/articles/habit-or-desire-whats-driving-indias-beauty-personal-care-market/,2026-07-24,MEDIUM,"Channel: e-commerce (all online) — India online BPC market INR 56,000 cr FY26, ~35% YoY. Cross-reference: same firm reports INR 52,000 cr on CY25 basis (see CY25 claim)."
IN total_bpc growth_yoy,35.0,percent,INR,IN,total_bpc,FY26,FY,RETAIL,"Redseer (Habit or Desire article, May-2026)",https://redseer.com/articles/habit-or-desire-whats-driving-indias-beauty-personal-care-market/,2026-07-24,MEDIUM,Channel: e-commerce (all online) — India online BPC growth ~35% YoY FY26. Grooming +37% YoY; makeup & fragrance ~+30% YoY per same source.
IN total_bpc channel_share,2.0,percent,INR,IN,total_bpc,2022,CY,RETAIL,"Redseer (BPC in Quick Commerce article, Mar-2026)",https://redseer.com/articles/beauty-personal-care-in-quick-commerce/,2026-07-24,MEDIUM,"Channel: quick-commerce — ~2% share of India ONLINE BPC spending in CY22 (share of online BPC, NOT of total BPC retail)."
IN total_bpc channel_share,16.0,percent,INR,IN,total_bpc,2025,CY,RETAIL,"Redseer (BPC in Quick Commerce article, Mar-2026)",https://redseer.com/articles/beauty-personal-care-in-quick-commerce/,2026-07-24,MEDIUM,"Channel: quick-commerce — ~16% share of India ONLINE BPC in CY25 (up from ~2% CY22; BPC GMV in q-commerce grew ~22.5x CY22-CY25). Share of online BPC, NOT total retail. Cross-reference: same firm reports 9% FY25 / ~18% FY26 on fiscal-year basis."
IN total_bpc channel_share,9.0,percent,INR,IN,total_bpc,FY25,FY,RETAIL,"Redseer (Habit or Desire article, May-2026)",https://redseer.com/articles/habit-or-desire-whats-driving-indias-beauty-personal-care-market/,2026-07-24,MEDIUM,"Channel: quick-commerce — 9% share of India ONLINE BPC in FY25 (share of online BPC, NOT total retail). Cross-reference: ~16% on CY25 basis per same firm's q-commerce article — period basis differs (FY vs CY)."
IN total_bpc channel_share,18.0,percent,INR,IN,total_bpc,FY26,FY,RETAIL,"Redseer (Habit or Desire article, May-2026)",https://redseer.com/articles/habit-or-desire-whats-driving-indias-beauty-personal-care-market/,2026-07-24,MEDIUM,"Channel: quick-commerce — ~18% share of India ONLINE BPC in FY26 (up from 9% FY25), q-commerce BPC growing 120%+ YoY. Share of online BPC, NOT total retail. Within grooming, q-commerce share ~10% FY25 to ~16% FY26."
IN total_bpc growth_yoy,120.0,percent,INR,IN,total_bpc,FY26,FY,RETAIL,"Redseer (Habit or Desire article, May-2026)",https://redseer.com/articles/habit-or-desire-whats-driving-indias-beauty-personal-care-market/,2026-07-24,MEDIUM,Channel: quick-commerce — BPC GMV on q-commerce grew 120%+ YoY in FY26. Cross-reference: Redseer digest reports ~140% YoY for BPC within q-commerce on CY25 basis (see CY25 growth claim).
IN total_bpc growth_yoy,140.0,percent,INR,IN,total_bpc,2025,CY,RETAIL,Redseer (Quick Commerce and BPC Strategy digest),https://redseer.com/digests/quick-commerce-and-bpc-strategy-in-india/,2026-07-24,MEDIUM,"Channel: quick-commerce — BPC YoY growth within q-commerce ~140% (period stated as latest year in digest, taken as CY25; non-grocery growing ~1.6x faster than grocery). Cross-reference: 120%+ FY26 figure from same firm's Habit or Desire article."
IN total_bpc channel_share,2.8,percent,INR,IN,total_bpc,2022,CY,RETAIL,"Redseer (BPC in Quick Commerce article, Mar-2026)",https://redseer.com/articles/beauty-personal-care-in-quick-commerce/,2026-07-24,MEDIUM,"Channel: quick-commerce — INVERSE view: BPC's share of total India quick-commerce GMV was ~2.8% in CY22 (i.e., how big BPC is inside q-commerce, not q-commerce's share of BPC)."
IN total_bpc channel_share,8.5,percent,INR,IN,total_bpc,2025,CY,RETAIL,"Redseer (BPC in Quick Commerce article, Mar-2026)",https://redseer.com/articles/beauty-personal-care-in-quick-commerce/,2026-07-24,MEDIUM,Channel: quick-commerce — INVERSE view: BPC's share of total India quick-commerce GMV ~8.5% in CY25 (up from ~2.8% CY22); BPC is the second-largest q-commerce category after grocery.
IN total_bpc channel_share,36.0,percent,INR,IN,total_bpc,2030,CY,RETAIL,Redseer (Beauty Blitz 2030 article),https://redseer.com/articles/beauty-blitz-2030-mapping-indias-ascent-to-a-40-billion-powerhouse/,2026-07-24,MEDIUM,Channel: e-commerce (all online) — PROJECTED 34-38% of all India BPC spend by 2030 (midpoint 36 recorded). Implied offline (general trade + modern trade) retains ~62-66% even in 2030.
IN total_bpc channel_share,35.0,percent,INR,IN,total_bpc,2030,CY,RETAIL,Redseer (Beauty Blitz 2030 article),https://redseer.com/articles/beauty-blitz-2030-mapping-indias-ascent-to-a-40-billion-powerhouse/,2026-07-24,MEDIUM,"Channel: quick-commerce — PROJECTED 30-40% of India ONLINE BPC by 2030 (midpoint 35 recorded), making q-commerce the largest online format. Horizontals 20-30%, verticals 15-25%, D2C ~10%, value commerce 10-15% per same source. Share of online BPC, NOT total retail."
KR total_bpc channel_share,60.8,percent,KRW,KR,total_bpc,2024,CY,RETAIL,Korea Ratings via Korea JoongAng Daily,https://www.koreajoongangdaily.com/business/global-luxury-beauty-brands-transform-strategy-with-ecommerce-push/12773721,2026-07-24,MEDIUM,"Channel: e-commerce (online) — 60.8% of Korea cosmetics market in CY2024 per Korea Ratings (up from 39.1% in 2019). Conflicts with Mordor's 54.1% H&B-store share for 2025 — different channel definitions/coverage; both retained, do not mix."
KR total_bpc channel_share,39.1,percent,KRW,KR,total_bpc,2019,CY,RETAIL,Korea Ratings via Korea JoongAng Daily,https://www.koreajoongangdaily.com/business/global-luxury-beauty-brands-transform-strategy-with-ecommerce-push/12773721,2026-07-24,MEDIUM,Channel: e-commerce (online) — 39.1% of Korea cosmetics market in CY2019; base point for the shift to 60.8% by CY2024.
KR total_bpc channel_share,39.2,percent,KRW,KR,total_bpc,2024,CY,RETAIL,Korea Ratings via Korea JoongAng Daily,https://www.koreajoongangdaily.com/business/global-luxury-beauty-brands-transform-strategy-with-ecommerce-push/12773721,2026-07-24,MEDIUM,"Channel: offline (department stores + drugstores combined) — 39.2% of Korea cosmetics market CY2024, down from 60.9% in 2019. Source does not break out department-store vs drugstore/H&B separately; duty-free not separated in this split."
KR total_bpc market_size,13.8,krw_tn,KRW,KR,total_bpc,2024,CY,RETAIL,Statistics Korea via Korea JoongAng Daily,https://www.koreajoongangdaily.com/business/global-luxury-beauty-brands-transform-strategy-with-ecommerce-push/12773721,2026-07-24,MEDIUM,"Channel: e-commerce (online) — Korea online cosmetics transaction value KRW 13.8tn (~USD 9.25bn per article) in CY2024, +7.7% YoY. Government statistic reported via press; press-reported so held at MEDIUM."
KR total_bpc channel_share,54.1,percent,KRW,KR,total_bpc,2025,CY,RETAIL,Mordor Intelligence (South Korea Cosmetics Products Market report),https://www.mordorintelligence.com/industry-reports/south-korea-cosmetics-products-market-industry,2026-07-24,LOW,"Channel: health & beauty (H&B) stores — 54.10% of 2025 South Korea cosmetics distribution per Mordor, anchored by CJ Olive Young. Aggregator estimate; conflicts with Korea Ratings' 60.8% online share for 2024 — definitions differ (Mordor treats H&B stores as largest channel). Both retained; do not mix."
KR total_bpc channel_share,85.0,percent,KRW,KR,total_bpc,2026,CY,RETAIL,Seoulz (Olive Young Global 2026 profile),https://www.seoulz.com/olive-young-global-2026/,2026-07-24,LOW,"Channel: H&B specialty stores (CJ Olive Young) — Olive Young holds MORE THAN 85% of South Korea's health-and-beauty STORE market as of 2026 (share of the H&B store channel, NOT of total Korea beauty retail); 1,380+ stores. Value recorded as 85 (floor of '>85%')."
KR total_bpc market_size,5.83,krw_tn,KRW,KR,total_bpc,2025,CY,RETAIL,Seoulz (Olive Young Global 2026 profile),https://www.seoulz.com/olive-young-global-2026/,2026-07-24,LOW,"Channel: H&B specialty stores (CJ Olive Young) — Olive Young standalone CY2025 revenue KRW 5.83tn (~USD 4.2bn), +21.8% YoY; proxy for H&B channel size since retailer revenue approximates sell-through. Includes non-beauty H&B categories. Cross-reference: Daxue Consulting (https://daxueconsulting.com/olive-young-south-korea/) reports 2024 consolidated sales KRW 4.8tn (~USD 3.4bn), +23.9% YoY."
KR total_bpc market_size,7.3,usd_bn,USD,KR,total_bpc,Jan-Oct 2025,range,RETAIL,AJU Press,https://www.ajupress.com/view/20251216165805288,2026-07-24,MEDIUM,"Channel: duty-free — DISTINCT channel per repo rule 12; do NOT fold into Korea domestic retail. Korea duty-free sales USD 7.3bn Jan-Oct 2025, -16.6% YoY, headed for lowest full year since 2015 (pre-pandemic >USD 20bn/yr). Covers ALL duty-free categories, not beauty only (cosmetics historically the largest category); daigou/tourist decline is the driver."
KR total_bpc market_size,6.36,krw_tn,KRW,KR,total_bpc,H1_2025,H1,RETAIL,The Korea Times,https://www.koreatimes.co.kr/economy/others/20250901/duty-free-stores-struggle-with-falling-sales-amid-foreign-tourists-shifting-shopping-trends,2026-07-24,MEDIUM,"Channel: duty-free — DISTINCT channel per repo rule 12; do NOT fold into domestic retail. Korea duty-free stores' combined sales KRW 6.36tn (~USD 4.56bn) in H1 2025, continuing decline. All duty-free categories, not beauty only. Cross-reference: AJU Press reports USD 7.3bn for Jan-Oct 2025 — consistent trajectory. Same article: 26.4% of Olive Young H1 2025 customers were foreign — tourist beauty spend shifting from duty-free to H&B stores."
IN colour_cosmetics market_size,4.8,usd_bn,USD,IN,colour_cosmetics,FY24,FY,RETAIL,Markets and Data,https://www.marketsandata.com/industry-reports/india-color-cosmetics-market,2026-07-24,LOW,Source labels base year 'FY2024'. Conflicts with MRFF USD 5.55bn CY2024 (see companion claim); different period conventions and definitions. Organised+unorganised coverage not stated.
IN colour_cosmetics cagr_forecast,8.41,percent,USD,IN,colour_cosmetics,FY25-FY32,range,NA,Markets and Data,https://www.marketsandata.com/industry-reports/india-color-cosmetics-market,2026-07-24,LOW,USD 4.80bn FY2024 to USD 9.15bn FY2032. Face cosmetics cited as leading sub-segment (share not quantified).
IN colour_cosmetics market_size,5.55,usd_bn,USD,IN,colour_cosmetics,2024,CY,RETAIL,Market Research Future,https://www.marketresearchfuture.com/reports/india-colour-cosmetics-market-47939,2026-07-24,LOW,2025: USD 5.89bn; 2035: USD 10.73bn. Conflicts with Markets and Data USD 4.80bn FY24 (see companion claim). MRFF page shows template-like breakdowns; treat cautiously.
IN colour_cosmetics cagr_forecast,6.18,percent,USD,IN,colour_cosmetics,2025-2035,range,NA,Market Research Future,https://www.marketresearchfuture.com/reports/india-colour-cosmetics-market-47939,2026-07-24,LOW,USD 5.89bn 2025 to USD 10.73bn 2035.
IN colour_cosmetics market_size,1.89,usd_bn,USD,IN,colour_cosmetics,2024,CY,RETAIL,Market Research Future,https://www.marketresearchfuture.com/reports/india-colour-cosmetics-market-47939,2026-07-24,LOW,"'Face Products' application segment; projected USD 3.63bn by 2035, cited as fastest-growing application. Within MRFF's USD 5.55bn 2024 total."
IN colour_cosmetics market_size,1.39,usd_bn,USD,IN,colour_cosmetics,2024,CY,RETAIL,Market Research Future,https://www.marketresearchfuture.com/reports/india-colour-cosmetics-market-47939,2026-07-24,LOW,'Lip Products' application segment within MRFF's USD 5.55bn 2024 India colour cosmetics total. Broader than lipstick-only figures from TechSci/Markets and Data (see companion claims).
IN colour_cosmetics market_size,0.83,usd_bn,USD,IN,colour_cosmetics,2024,CY,RETAIL,Market Research Future,https://www.marketresearchfuture.com/reports/india-colour-cosmetics-market-47939,2026-07-24,LOW,'Nail Products' application segment; projected USD 1.58bn by 2035.
IN colour_cosmetics market_size,630.55,usd_mn,USD,IN,colour_cosmetics,2024,CY,RETAIL,TechSci Research,https://www.techsciresearch.com/report/india-lipstick-market/27925.html,2026-07-24,LOW,"Lipstick ONLY — narrower than lip_colour (excludes gloss/liner/tint). Forecast USD 1,094.78mn by 2030. Cross-ref Markets and Data USD 629.42mn FY24 (near-identical value, different period label)."
IN colour_cosmetics cagr_forecast,9.63,percent,USD,IN,colour_cosmetics,2025-2030,range,NA,TechSci Research,https://www.techsciresearch.com/report/india-lipstick-market/27925.html,2026-07-24,LOW,"Lipstick only. USD 630.55mn 2024 to USD 1,094.78mn 2030."
IN colour_cosmetics market_size,629.42,usd_mn,USD,IN,colour_cosmetics,FY24,FY,RETAIL,Markets and Data,https://www.marketsandata.com/industry-reports/india-lipstick-market,2026-07-24,LOW,"Lipstick ONLY; source labels 'FY2024'. Forecast USD 1,305.69mn by FY2032. Cross-ref TechSci USD 630.55mn 2024."
IN colour_cosmetics cagr_forecast,9.55,percent,USD,IN,colour_cosmetics,FY25-FY32,range,NA,Markets and Data,https://www.marketsandata.com/industry-reports/india-lipstick-market,2026-07-24,LOW,"Lipstick only. USD 629.42mn FY24 to USD 1,305.69mn FY32."
KR colour_cosmetics market_size,2.86,usd_bn,USD,KR,colour_cosmetics,2025,CY,RETAIL,Expert Market Research,https://www.expertmarketresearch.com/reports/south-korea-colour-cosmetics-market,2026-07-24,LOW,Forecast USD 5.07bn by 2035. Conflicts with MRFF USD 2.22bn 2024 (see companion claim). Domestic market measure; do NOT conflate with MFDS production KRW 2.68tn 2024 or export FOB.
KR colour_cosmetics cagr_forecast,5.9,percent,USD,KR,colour_cosmetics,2026-2035,range,NA,Expert Market Research,https://www.expertmarketresearch.com/reports/south-korea-colour-cosmetics-market,2026-07-24,LOW,USD 2.86bn 2025 to USD 5.07bn 2035.
KR colour_cosmetics market_size,2.22,usd_bn,USD,KR,colour_cosmetics,2024,CY,RETAIL,Market Research Future,https://www.marketresearchfuture.com/reports/south-korea-colour-cosmetics-market-47932,2026-07-24,LOW,"Cited as $2,220mn 2024; 2025: USD 2,357.42mn; 2035: USD 4,300mn. Cross-ref EMR USD 2.86bn 2025. MRFF page shows internal inconsistencies (USD 888mn repeats across lip/online/prestige breakdowns) — treat as weak."
KR colour_cosmetics cagr_forecast,6.19,percent,USD,KR,colour_cosmetics,2025-2035,range,NA,Market Research Future,https://www.marketresearchfuture.com/reports/south-korea-colour-cosmetics-market-47932,2026-07-24,LOW,"USD 2,357.42mn 2025 to USD 4,300mn 2035."
KR colour_cosmetics market_size,888.0,usd_mn,USD,KR,colour_cosmetics,2024,CY,RETAIL,Market Research Future,https://www.marketresearchfuture.com/reports/south-korea-colour-cosmetics-market-47932,2026-07-24,LOW,'Lip Products' cited as largest application 2024. CAUTION: identical USD 888mn appears in MRFF's online-channel and prestige-tier breakdowns on the same page — likely templated; corroborate before publishing.
KR colour_cosmetics production_value,2.68,krw_tn,KRW,KR,colour_cosmetics,2024,CY,PRODUCTION,Personal Care Insights (citing MFDS),https://www.personalcareinsights.com/news/k-beauty-global-export-growth-2025.html,2026-07-24,MEDIUM,"Colour cosmetics factory-gate output, 15.3% of total KRW 17.54tn 2024 production (page also gives US$1.94bn). MFDS data via trade press. PRODUCTION basis — not domestic retail, not export."
KR colour_cosmetics growth_yoy,51.4,percent,KRW,KR,colour_cosmetics,2024,CY,PRODUCTION,Personal Care Insights (citing MFDS),https://www.personalcareinsights.com/news/k-beauty-global-export-growth-2025.html,2026-07-24,MEDIUM,"Colour cosmetics production output up 51.4% YoY in 2024, 'lipsticks and lip gloss driving the uplift'. Production basis, not retail sell-through."
KR colour_cosmetics production_value,2.84,krw_tn,KRW,KR,colour_cosmetics,2025,CY,PRODUCTION,REACH24H (citing MFDS),https://en.reach24h.com/news/insights/cosmetic/south-korea-2025-cosmetics-export-data-insights,2026-07-24,MEDIUM,"Makeup (colour) products KRW 2.84tn, 15.8% of total 2025 domestic production KRW 17.9382tn (+2.3% YoY total). Consistent with KRW 2.68tn in 2024."
KR colour_cosmetics growth_yoy,13.5,percent,KRW,KR,colour_cosmetics,2025,CY,PRODUCTION,REACH24H (citing MFDS),https://en.reach24h.com/news/insights/cosmetic/south-korea-2025-cosmetics-export-data-insights,2026-07-24,MEDIUM,'Lipsticks and liners' production value growth 2025; lip gloss/balm +10.6% same period. Production basis.
IN hair_care market_size,4.3,usd_bn,USD,IN,hair_care,2025,CY,RETAIL,IMARC Group,https://www.imarcgroup.com/india-haircare-market,2026-07-24,LOW,IMARC labels calendar 2025 (no FY stated). Forecast USD 11.49bn by 2034. Conflicts with Mordor USD 4.1bn 2026 at much lower CAGR (see companion claim) — IMARC's 10.58% CAGR is an outlier.
IN hair_care cagr_forecast,10.58,percent,USD,IN,hair_care,2026-2034,range,NA,IMARC Group,https://www.imarcgroup.com/india-haircare-market,2026-07-24,LOW,USD 4.30bn 2025 to USD 11.49bn 2034. Outlier vs Mordor 4.73% (2026-2031) — do not use without reconciliation.
IN hair_care market_size,4.1,usd_bn,USD,IN,hair_care,2026,CY,RETAIL,Mordor Intelligence,https://www.mordorintelligence.com/industry-reports/india-hair-care-and-styling-products-market-industry,2026-07-24,LOW,"'Hair care products market' valued USD 4.1bn in 2026, to USD 5.19bn by 2031. Cross-ref IMARC USD 4.30bn 2025 (similar base, divergent forecasts)."
IN hair_care cagr_forecast,4.73,percent,USD,IN,hair_care,2026-2031,range,NA,Mordor Intelligence,https://www.mordorintelligence.com/industry-reports/india-hair-care-and-styling-products-market-industry,2026-07-24,LOW,USD 4.1bn 2026 to USD 5.19bn 2031. Conflicts with IMARC 10.58%.
IN hair_care market_share,45.0,percent,USD,IN,hair_care,2025,CY,NA,IMARC Group,https://www.imarcgroup.com/india-haircare-market,2026-07-24,LOW,"Shampoo share of India haircare market by product type, 2025. Implies ~USD 1.9bn on IMARC's USD 4.30bn base. Conflicts with Mordor's 'conditioners lead with 42.71%' — definitional mismatch between reports."
IN hair_care market_share,42.71,percent,USD,IN,hair_care,2025,CY,NA,Mordor Intelligence,https://www.mordorintelligence.com/industry-reports/india-hair-care-and-styling-products-market-industry,2026-07-24,LOW,"'Conditioners lead with 42.71% market share' (2025, by product type). Likely includes hair oils/treatments in Mordor's 'conditioner' bucket — conflicts with IMARC shampoo-led 45%; definitional mismatch, do not average."
IN hair_care market_size,1.26,usd_bn,USD,IN,hair_care,2025,CY,RETAIL,Expert Market Research,https://www.expertmarketresearch.com/reports/india-shampoo-market,2026-07-24,LOW,Forecast USD 2.01bn by 2035. Lower than the ~USD 1.9bn implied by IMARC's 45% share of USD 4.30bn — differing haircare totals; reconcile before publishing.
IN hair_care cagr_forecast,4.8,percent,USD,IN,hair_care,2026-2035,range,NA,Expert Market Research,https://www.expertmarketresearch.com/reports/india-shampoo-market,2026-07-24,LOW,USD 1.26bn 2025 to USD 2.01bn 2035.
IN hair_care market_size,267.0,usd_mn,USD,IN,hair_care,2023,CY,RETAIL,RedSeer (India Hair Growth Market Report),https://redseer.com/reports/india-hair-growth-market-report/,2026-07-24,MEDIUM,"'Alopecia-driven hair growth market, worth USD 267 Mn in 2023, is set to more than double by 2028.' Mapped to scalp_care (hair-loss/scalp axis); basis not stated, assumed consumer spend. 82mn urban Indians (38% of urban pop) report hair loss; supplements growing at >2x pace of topicals — skinification demand signal."
IN hair_care market_size,155.16,usd_mn,USD,IN,hair_care,2025,CY,RETAIL,Deep Market Insights,https://deepmarketinsights.com/vista/insights/hair-serum-market/india,2026-07-24,LOW,India HAIR SERUM market (repair serums largest type; 6.43% of global). Mapped to scalp_care per skinification axis — definitional overlap with conditioners_treatments. Forecast USD 317.12mn by 2034.
IN hair_care cagr_forecast,8.21,percent,USD,IN,hair_care,2026-2034,range,NA,Deep Market Insights,https://deepmarketinsights.com/vista/insights/hair-serum-market/india,2026-07-24,LOW,India hair serum: USD 155.16mn 2025 to USD 317.12mn 2034; 'fastest-growing market in Asia Pacific' per source.
IN hair_care market_size,824.8,usd_mn,USD,IN,hair_care,2025,CY,RETAIL,IMARC Group,https://www.imarcgroup.com/india-hair-growth-products-market,2026-07-24,LOW,"India HAIR GROWTH PRODUCTS market (broader than RedSeer's alopecia-driven USD 267mn 2023 — includes general anti-hairfall products). Forecast USD 1,124.1mn by 2034, CAGR 3.33% (2026-2034). Definitional mismatch with RedSeer; do not merge."
KR hair_care market_size,1.8,usd_bn,USD,KR,hair_care,2025,CY,RETAIL,IMARC Group,https://www.imarcgroup.com/south-korea-hair-care-market,2026-07-24,LOW,"Domestic South Korea hair care market. Forecast USD 2.4bn by 2034. Other aggregators cluster at USD 1.30-1.31bn 2024 (EMR/Research and Markets, not independently fetched) — spread flags definitional variance. No sub-segment values disclosed."
KR hair_care cagr_forecast,3.23,percent,USD,KR,hair_care,2026-2034,range,NA,IMARC Group,https://www.imarcgroup.com/south-korea-hair-care-market,2026-07-24,LOW,USD 1.8bn 2025 to USD 2.4bn 2034.
KR dermocosmetics market_size,4.5,krw_tn,KRW,KR,dermocosmetics,2020,CY,RETAIL,Samjong KPMG via The Korea Herald,https://www.koreaherald.com/article/2897219,2026-07-24,MEDIUM,"KR dermocosmetics market KRW 4.5tn in 2020, up 17.6% vs five years prior (Samjong KPMG). Article's own USD conversion ~US$3.1bn. Value basis not stated by source; assumed consumer sell-through. cf Korea Cosmeceutical Education & Research Institute KRW 1.2tn for same year 2020 (narrower definition) and KERI KRW 4.5tn for 2022 — Korean sources conflict on definition. Article dated 2022-06-23."
KR dermocosmetics market_size,1.2,krw_tn,KRW,KR,dermocosmetics,2020,CY,NA,Korea Cosmeceutical Education & Research Institute via Maeil Ilbo,https://www.m-i.kr/news/articleView.html?idxno=1088517,2026-07-24,MEDIUM,KR derma cosmetics market grew from KRW 500bn (2017) to KRW 1.2tn (2020) per Korea Cosmeceutical Education & Research Institute. Conflicts with Samjong KPMG KRW 4.5tn for 2020 (cf) — 3.75x gap is definitional (this appears to be a narrow pharmacy/cosmeceutical definition). Same article: global derma market US$62.52bn 2022 -> US$94.84bn 2028 (Industry Research). Article dated 2024-01-29.
KR dermocosmetics market_size,4.5,krw_tn,KRW,KR,dermocosmetics,2022,CY,NA,Korean Enterprise Reputation Research Institute via Pharm Edaily,https://pharm.edaily.co.kr/News/Read?newsId=03365286642266992,2026-07-24,MEDIUM,"KR dermocosmetics market KRW 4.5tn in 2022, ~8x growth from KRW 500bn in 2017. cf Samjong KPMG which puts KRW 4.5tn already in 2020 — one of the two vintages is misdated or definitions differ; do not average. Value basis unstated. Article dated 2025-08-13."
KR dermocosmetics market_size,5.5,krw_tn,KRW,KR,dermocosmetics,2025,CY,NA,Korean Enterprise Reputation Research Institute via Pharm Edaily,https://pharm.edaily.co.kr/News/Read?newsId=03365286642266992,2026-07-24,MEDIUM,"PROJECTION: KR dermocosmetics market projected KRW 5.5tn for 2025 (from KRW 4.5tn 2022, implying ~7% CAGR 2022-2025). Consistent direction with Euromonitor +13% growth read for 2024 already on file. Article dated 2025-08-13."
IN dermocosmetics market_size,256.2,usd_mn,USD,IN,dermocosmetics,2023,CY,RETAIL,P&S Market Research (India Skincare Dermacosmetics),https://www.psmarketresearch.com/market-analysis/india-skincare-dermacosmetics-market,2026-07-24,LOW,"India skin care dermacosmetics US$256.2mn in 2023. This is the base-year detail behind the P&S US$0.28bn 2024 figure already on file (consistent at 10.3% CAGR). NARROW definition: brand-level scope lists Skinshine, Cetaphil, Dermadew; applications acne, dark circles, psoriasis, skin repair, wrinkles, scars — closer to Rx-adjacent cosmeceuticals than full derma/active skincare. cf MarkWide US$1.85bn 2026 (broad definition, ~7x gap — definitional, do not reconcile without normalising)."
IN dermocosmetics cagr_forecast,10.3,percent,USD,IN,dermocosmetics,2024-2030,range,RETAIL,P&S Market Research (India Skincare Dermacosmetics),https://www.psmarketresearch.com/market-analysis/india-skincare-dermacosmetics-market,2026-07-24,LOW,"10.3% CAGR 2024-2030, reaching US$505.0mn by 2030 (from US$256.2mn 2023). Western region highest regional CAGR at 10.6%. Same narrow definition caveat as the P&S market_size claim."
IN dermocosmetics market_size,1.85,usd_bn,USD,IN,dermocosmetics,2026,CY,NA,MarkWide Research (India Dermocosmetics Market),https://markwideresearch.com/india-dermocosmetics-market/,2026-07-24,LOW,"India dermocosmetics US$1.85bn (2026 value; base year 2025, history 2020-2024). BROAD definition: 'topical formulations containing active pharmaceutical or biologically active ingredients... manufactured under drug-grade GMP protocols' — likely sweeps in much of active-ingredient skincare. cf P&S US$256.2mn 2023 — ~7x definitional gap; competing estimates, do not merge into one series."
IN dermocosmetics cagr_forecast,11.6,percent,USD,IN,dermocosmetics,2026-2035,range,NA,MarkWide Research (India Dermocosmetics Market),https://markwideresearch.com/india-dermocosmetics-market/,2026-07-24,LOW,"11.60% CAGR, US$1.85bn 2026 -> US$4.97bn 2035. Page inconsistently states 'analysis window 2026-2036'; endpoint values imply 2026-2035. Broad-definition caveat as per the matching market_size claim."
IN dermocosmetics market_size,65.55,usd_mn,USD,IN,dermocosmetics,2025,CY,NA,Expert Market Research (India Masstige Derma Cosmetics),https://www.expertmarketresearch.com/reports/india-masstige-derma-cosmetics-market,2026-07-24,LOW,"MASSTIGE TIER ONLY (priced between mass and premium): India masstige derma cosmetics US$65.55mn in 2025. Subset of the segment, not a competing total — do not compare directly with P&S or MarkWide totals. Covers skin care + hair care; channels incl. D2C, pharmacies, e-commerce."
IN dermocosmetics cagr_forecast,14.6,percent,USD,IN,dermocosmetics,2026-2035,range,NA,Expert Market Research (India Masstige Derma Cosmetics),https://www.expertmarketresearch.com/reports/india-masstige-derma-cosmetics-market,2026-07-24,LOW,"Masstige derma tier: 14.60% CAGR 2026-2035, US$65.55mn 2025 -> US$256.11mn 2035. Fastest growth read among India derma estimates — consistent with masstige/derma D2C (Minimalist et al.) outgrowing the category."
IN dermocosmetics revenue,347.0,inr_cr,INR,IN,dermocosmetics,FY24,FY,NET_REALISATION,Entrackr,https://entrackr.com/news/hul-acquires-905-stake-in-minimalist-at-rs-2955-cr-valuation-8644087,2026-07-24,MEDIUM,"Company: Minimalist (Uprising Science) — FY24 (Apr-23 to Mar-24) revenue Rs 347 cr, up from Rs 184 cr FY23 (+89% YoY); PAT Rs 10.83 cr (doubled YoY); ARR reportedly Rs 500 cr at acquisition. HUL acquired 90.5% Jan-2025 at Rs 2,955 cr (~US$350mn) pre-money — 8.5x FY24 revenue, the benchmark derma D2C exit multiple. Article dated 2025-01-22."
IN dermocosmetics revenue,184.0,inr_cr,INR,IN,dermocosmetics,FY23,FY,NET_REALISATION,Entrackr,https://entrackr.com/news/hul-acquires-905-stake-in-minimalist-at-rs-2955-cr-valuation-8644087,2026-07-24,MEDIUM,Company: Minimalist (Uprising Science) — FY23 (Apr-22 to Mar-23) revenue Rs 184 cr; PAT Rs 5 cr. Base year for the +89% FY24 growth read.
IN dermocosmetics growth_yoy,60.0,percent,INR,IN,dermocosmetics,Jul-Sep 2025,range,RETAIL,Nykaa quarterly earnings materials via Insight Korea,https://www.insightkorea.co.kr/news/articleView.html?idxno=247479,2026-07-24,MEDIUM,"[CORRIDOR] K-beauty transaction value (GMV) on Nykaa grew MORE THAN 60% YoY in Jul-Sep 2025 per Nykaa quarterly earnings materials. Scope is all K-beauty on Nykaa, not derma-only — proxy for corridor derma momentum since Nykaa is the exclusive conduit for the K-derma wave: Medicube (APR) omnichannel India launch on Nykaa 2026-02-20; Aestura (Amorepacific) launched earlier; Illiyoon (Amorepacific) exclusive Nykaa launch Mar-2026. No brand-level India revenue published yet for any of the three. Article dated 2026-06-02."
IN skincare market_size,203.4,usd_mn,USD,IN,skincare,2025,CY,RETAIL,IMARC Group,https://www.imarcgroup.com/india-facial-serum-market,2026-07-24,LOW,"India facial serum market, USD 203.4mn in 2025 per IMARC teaser. Organised/unorganised coverage not stated. cf MarkNtel US$0.14bn (2026) already on file — IMARC runs ~45% higher; definitional scope (facial serum vs ampoules, channel coverage) unstated on both."
IN skincare cagr_forecast,5.99,percent,USD,IN,skincare,2026-2034,range,NA,IMARC Group,https://www.imarcgroup.com/india-facial-serum-market,2026-07-24,LOW,"IMARC: USD 203.4mn (2025) to USD 343.4mn (2034), CAGR 5.99% 2026-2034. Grand View Research horizon page reportedly shows 7.9% CAGR 2026-2033 but page is bot-blocked (HTTP 403), could not verify, so excluded as a claim."
IN skincare market_size,143.26,usd_mn,USD,IN,skincare,2025,CY,RETAIL,IMARC Group,https://www.imarcgroup.com/india-facial-masks-market,2026-07-24,LOW,"SCOPE CAVEAT: figure covers ALL India facial masks (sheet, cream, clay, peel-off, other), not sheet masks alone; IMARC states sheet masks = 31% of total in 2025. Organised/unorganised coverage not stated. cf TechSci USD 451.21mn (2024) for the same category — 3.1x gap, definitional mismatch unresolved."
IN skincare market_size,44.4,usd_mn,USD,IN,skincare,2025,CY,RETAIL,IMARC Group (derived),https://www.imarcgroup.com/india-facial-masks-market,2026-07-24,ESTIMATE,"[CORRIDOR] Sheet masks are the format most directly tied to K-beauty in India; TechSci names sheet masks the fastest-growing facial-mask segment, driven by K-beauty routines."
IN skincare market_size,451.21,usd_mn,USD,IN,skincare,2024,CY,RETAIL,TechSci Research,https://www.techsciresearch.com/report/india-facial-masks-market/7728.html,2026-07-24,LOW,"SCOPE CAVEAT: covers ALL India facial masks, not sheet masks alone (TechSci: sheet masks fastest-growing segment, K-beauty driven). Organised/unorganised coverage not stated. cf IMARC USD 143.26mn (2025) — 3.1x lower; definitional mismatch unresolved, do not average."
IN skincare cagr_forecast,5.01,percent,USD,IN,skincare,2026-2034,range,NA,IMARC Group,https://www.imarcgroup.com/india-facial-masks-market,2026-07-24,LOW,"CAGR for ALL India facial masks (USD 143.26mn 2025 to USD 222.45mn 2034), not sheet-only; sheet masks growing faster than category per TechSci. cf TechSci category CAGR 3.61% through 2030."
IN skincare cagr_forecast,3.61,percent,USD,IN,skincare,2024-2030,range,NA,TechSci Research,https://www.techsciresearch.com/report/india-facial-masks-market/7728.html,2026-07-24,LOW,"CAGR for ALL India facial masks (USD 451.21mn 2024 to USD 556.12mn 2030), not sheet-only. cf IMARC 5.01% (2026-2034). Sheet-mask sub-segment grows faster than category per same source (qualitative only)."
IN skincare market_size,1.23,usd_bn,USD,IN,skincare,2024,CY,RETAIL,TechSci Research,https://www.techsciresearch.com/news/23307-india-face-wash-market.html,2026-07-24,LOW,"India face wash market (face-wash format only; bar-soap facial cleansing and unorganised trade coverage not stated). WARNING: same page's forecast of USD 4.34bn by 2030 is internally inconsistent with its stated 6.76% CAGR (implies ~23%); size figure retained, forecast level figure not claimed."
IN skincare cagr_forecast,6.76,percent,USD,IN,skincare,2025-2030,range,NA,TechSci Research,https://www.techsciresearch.com/news/23307-india-face-wash-market.html,2026-07-24,LOW,"TechSci: India face wash CAGR 6.76% through 2030F. Internally inconsistent with the same page's USD 1.23bn (2024) to USD 4.34bn (2030) trajectory (implies ~23% CAGR); the stated CAGR is taken as the intended figure, the 4.34bn endpoint treated as suspect."
IN skincare market_size,0.93,usd_bn,USD,IN,skincare,2026,CY,RETAIL,Fortune Business Insights,https://www.fortunebusinessinsights.com/moisturizer-market-103869,2026-07-24,LOW,"Forecast value: 'India market is projected to reach USD 0.93 billion by 2026'. SCOPE CAVEAT: 'moisturizer' scope from a global report — may include body moisturisers, not facial-only; organised/unorganised not stated. cf Bonafide Research facial creams & gels INR 20,500 Cr by FY28 (~USD 2.13bn @ 96.23 INR/USD pinned 2026-07-21) — much larger, likely broader creams+gels definition at MRP."
IN skincare market_size,20500.0,inr_cr,INR,IN,skincare,FY28,FY,RETAIL,Bonafide Research (via ResearchAndMarkets),https://www.researchandmarkets.com/reports/5660351/india-facial-creams-and-gels-market-outlook-2027-28,2026-07-24,LOW,"Forecast value: India facial creams & gels 'near INR 20,500 Crore by 2027-28' (~USD 2.13bn @ 96.23 INR/USD pinned 2026-07-21). Scope is creams AND gels (wider than facial moisturisers alone); India retail figures typically MRP-inclusive but basis not stated. cf Fortune Business Insights USD 0.93bn by 2026 for 'moisturizer' — 2x+ gap, definitional mismatch."
IN skincare cagr_forecast,9.0,percent,INR,IN,skincare,2023-2028,range,NA,Bonafide Research (via ResearchAndMarkets),https://www.researchandmarkets.com/reports/5660351/india-facial-creams-and-gels-market-outlook-2027-28,2026-07-24,LOW,"Reported as 'more than 9% CAGR' to 2027-28 for India facial creams & gels; 9.0 is the stated floor, actual forecast is above this. Forecast base year not stated on page; period recorded as approximate."
IN skincare trade_margin,24.0,percent,INR,IN,skincare,2025,CY,NA,Sylvr (Nykaa commission guide 2025),https://sylvr.io/answers/nykaa-seller-commission,2026-07-24,LOW,"Channel: e-commerce — Nykaa platform commission on skincare brands, stated range 22-26% (midpoint recorded); new brands 24-26%, established brands negotiate to 20-22%. 18% GST charged on top of commission. Commission is % of sale deducted by platform."
IN colour_cosmetics trade_margin,26.0,percent,INR,IN,colour_cosmetics,2025,CY,NA,Sylvr (Nykaa commission guide 2025),https://sylvr.io/answers/nykaa-seller-commission,2026-07-24,LOW,"Channel: e-commerce — Nykaa platform commission on colour cosmetics, stated range 24-28% (midpoint recorded). Same source states haircare 20-24%, fragrances 22-25%. Overall Nykaa commission 22-28% depending on category and brand tier."
IN colour_cosmetics trade_margin,3.5,percent,INR,IN,colour_cosmetics,2025,CY,NA,Rekonsile (Amazon India fee revision Sep-2025 guide),https://rekonsile.com/amazon-india-fee-revision-september-2025-complete-guide,2026-07-24,LOW,"Channel: e-commerce — Amazon.in referral fee, Beauty (Make-up) category, INR 500-1,000 price band: cut from 7.5% to 3.5% effective Sep-2025; INR 300-500 band cut from 4.5% to 2.0%."
IN total_bpc trade_margin,8.5,percent,INR,IN,total_bpc,2026,CY,NA,KwickMetrics (Amazon referral fee 2026 India guide),https://www.kwickmetrics.com/blog/amazon-referral-fee-2026-india,2026-07-24,LOW,"Channel: e-commerce — Amazon.in referral fee for Beauty & Personal Care items priced above INR 1,000: 7-10% depending on price band (midpoint recorded). Items below INR 1,000: 0% referral fee, effective 16-Mar-2026."
IN total_bpc trade_margin,20.0,percent,INR,IN,total_bpc,2026,CY,NA,Ladya (Blinkit commission and seller economics guide),https://ladya.in/guides/blinkit-commission-seller-economics,2026-07-24,LOW,"Channel: q-commerce — Blinkit base commission, Beauty & Cosmetics category 18-22% of MRP (midpoint recorded; fragrances at top of range); Personal Care 16-20%. Commission charged on MRP, not discounted selling price."
IN total_bpc trade_margin,38.0,percent,INR,IN,total_bpc,2026,CY,NA,Ladya (Blinkit commission and seller economics guide),https://ladya.in/guides/blinkit-commission-seller-economics,2026-07-24,LOW,Channel: q-commerce — Blinkit ALL-IN take for beauty category approx 38% (commission + fulfilment fees + payment gateway + platform fees + typical ad spend); personal care approx 32% all-in. Distinct from the 18-22% base commission.
IN total_bpc trade_margin,22.5,percent,INR,IN,total_bpc,2025,CY,NA,"NewsBytes (Blinkit/Zepto commission hike report, Mar-2025)",https://www.newsbytesapp.com/news/business/blinkit-zepto-adjust-commission-structures-to-enhance-profitability/story,2026-07-24,LOW,"Channel: q-commerce — Zepto overall take rate 22-23% (midpoint recorded), cited as part of pre-IPO profitability push. Same article: Blinkit moved to variable commission effective 13-Mar-2025 — 2% below INR 500, 6% for INR 500-700, 18% for INR 1,200+ (all categories, not BPC-specific)."
IN total_bpc trade_margin,7.5,percent,INR,IN,total_bpc,2026,CY,NA,Kirana Club (FMCG distribution in India guide 2026),https://kirana.club/resources/fmcg-distribution-india-guide,2026-07-24,LOW,"Channel: general trade — kirana retailer margin on national brands with strong consumer pull: 5-10% (midpoint recorded); regional brands 10-18%. FMCG-wide guide, not BPC-specific; personal care noted as trust-driven but no separate % given."
IN total_bpc trade_margin,21.5,percent,INR,IN,total_bpc,2026,CY,NA,Kirana Club (FMCG distribution in India guide 2026),https://kirana.club/resources/fmcg-distribution-india-guide,2026-07-24,LOW,"Channel: general trade — kirana retailer margin demanded from NEW brands entering unfamiliar markets: 18-25%+ (midpoint of stated 18-25 recorded). Relevant benchmark for a K-beauty entrant in GT. FMCG-wide guide, not BPC-specific."
IN total_bpc trade_margin,25.0,percent,INR,IN,total_bpc,2026,CY,NA,Kirana Club (FMCG distribution in India guide 2026),https://kirana.club/resources/fmcg-distribution-india-guide,2026-07-24,LOW,"Channel: general trade — distributor ALL-IN cost for smaller brands: 20-30% of sale price (midpoint recorded), covering margin + credit losses + scheme funding + returns; higher than headline distributor margin alone. FMCG-wide, not BPC-specific."
IN total_bpc trade_margin,12.0,percent,INR,IN,total_bpc,2025,CY,NA,Storewise (FMCG distribution margins and sales structure),https://storewise.in/blog/fmcg-distribution-margins-and-sales-structure,2026-07-24,LOW,"Channel: general trade — distributor/substockist margin 12% in worked example (buys at INR 125, sells to retailer at INR 140 on INR 175 MRP product); superstockist 5-7%. Example is mid-size FMCG ready-to-eat segment; indicative of GT structure, not BPC-specific."
IN total_bpc trade_margin,20.0,percent,INR,IN,total_bpc,2025,CY,NA,Storewise (FMCG distribution margins and sales structure),https://storewise.in/blog/fmcg-distribution-margins-and-sales-structure,2026-07-24,LOW,"Channel: general trade — retailer margin 20% in same worked example (buys at INR 140, MRP INR 175). Example is mid-size FMCG ready-to-eat segment; indicative of GT structure, not BPC-specific. No modern-trade-specific margin found on any fetched page."
IN sun_care penetration_rate,32.77,percent,INR,IN,sun_care,2019,CY,NA,"Market.us (Sunscreen industry statistics, citing Statista/ProdegeMR Feb-2019 survey)",https://media.market.us/sunscreen-industry-statistics/,2026-07-24,LOW,"32.77% of surveyed Indian respondents used sun care products daily (Feb-2019 ProdegeMR survey via Statista, relayed by Market.us); 25.62% never use; 14.61% more than twice weekly. Survey respondents, not population-weighted penetration."
KR sun_care penetration_rate,75.0,percent,KRW,KR,sun_care,2025,CY,NA,IndexBox (South Korea face sunscreen SPF50 market report),https://www.indexbox.io/store/south-korea-kw-face-sunscreen-spf50-840-market-analysis-forecast-size-trends-and-insights/,2026-07-24,LOW,Daily face sunscreen (SPF50) penetration stated as 'exceeding 75%' among core demographic of KR women aged 18-55; recorded at 75 (floor of stated range). Aggregator estimate; SPF50 positioned as standard daily protection level in KR.
KR sun_care penetration_rate,45.0,percent,KRW,KR,sun_care,2026,CY,NA,WifiTalents (Korea beauty industry statistics 2026),https://wifitalents.com/korea-beauty-industry-statistics/,2026-07-24,LOW,45% of Korean youth (ages 19-29) use sun protection every day regardless of weather. Source itself flags this stat as 'directional' confidence. Conflicts with IndexBox 75%+ (different demographic: youth both sexes vs women 18-55) — both retained.
KR skincare penetration_rate,85.0,percent,KRW,KR,skincare,2026,CY,NA,WifiTalents (Korea beauty industry statistics 2026),https://wifitalents.com/korea-beauty-industry-statistics/,2026-07-24,LOW,85% of South Korean women use a sheet mask at least once a week (aggregator compilation). Same page: >90% of KR women who wear makeup daily practice double cleansing.
IN total_bpc penetration_rate,17.5,percent,INR,IN,total_bpc,2025,CY,NA,"iBluu (India BPC market insight, 2025)",https://www.ibluu.com/insights/inside-indias-40bn-beauty-and-personal-care-market-and-the-worlds-next-global-personal-care-powerhouse-by-2030/,2026-07-24,LOW,"Page states 'only 17-18M active users out of 100M+ women' — implies approx 17-18% penetration of the addressable female beauty audience (midpoint recorded). Denominator loosely defined ('100M+ women'); treat as directional, not population penetration."
IN total_bpc per_capita_spend,15.0,usd,USD,IN,total_bpc,2024,CY,RETAIL,TheBK / Beauty Kyungjae (Korean beauty trade press),https://www.thebk.co.kr/news/articleView.html?idxno=306792,2026-07-24,MEDIUM,India annual per-capita beauty spend USD 15 (2024) vs global average USD 72. Same article: India BPC market USD 24bn (2024) to USD 45bn (2030); K-beauty in India USD 400M (2024) growing 25.9%/yr to USD 1.6bn by 2030.
IN total_bpc per_capita_spend,27.0,usd,USD,IN,total_bpc,2030,CY,RETAIL,TheBK / Beauty Kyungjae (Korean beauty trade press),https://www.thebk.co.kr/news/articleView.html?idxno=306792,2026-07-24,MEDIUM,"PROJECTION: India annual per-capita beauty spend projected to reach USD 27 by 2030 (from USD 15 in 2024), still below global average of USD 72."
KR skincare per_capita_spend,100.0,usd,USD,KR,skincare,2026,CY,RETAIL,WifiTalents (Korea beauty industry statistics 2026),https://wifitalents.com/korea-beauty-industry-statistics/,2026-07-24,LOW,"South Korea per-capita SKINCARE spend stated as 'exceeding $100 per person annually', described as highest in the world; recorded at 100 (floor of stated figure). Aggregator compilation — cross-check against existing KR per-capita datapoints before use."
KR mens_grooming market_size,1.09,krw_tn,KRW,KR,mens_grooming,2022,CY,RETAIL,Korea Herald (citing Euromonitor International),https://www.koreaherald.com/view.php?ud=20220630000659,2026-07-24,MEDIUM,"Korean 'men's cosmetics' market per Euromonitor via Korea Herald (Jun 2022 article); USD 839mn equivalent stated in article. Definition likely men's skincare+cosmetics, may exclude shaving/toiletries — narrower than Euromonitor's full men's grooming category. Treat as lower bound for segment."
KR mens_grooming market_size,1.16,krw_tn,KRW,KR,mens_grooming,2025,CY,RETAIL,Korea Herald (citing Euromonitor International),https://www.koreaherald.com/view.php?ud=20220630000659,2026-07-24,MEDIUM,"Euromonitor projection (made 2022) for Korean men's cosmetics market by 2025. Implies ~2.1% CAGR 2022-2025. Same definitional caveat as 2022 figure. Conflicts with FMI KR mens_skincare USD 1.2bn 2025 claim (FMI skincare-only figure exceeds this whole-market figure ~USD 0.85bn) — definitional mismatch, do not reconcile without normalising."
KR mens_grooming market_size,1.2,usd_bn,USD,KR,mens_grooming,2025,CY,RETAIL,Future Market Insights — Men's Skincare in Korea 2025-2035,https://www.futuremarketinsights.com/reports/demand-and-trend-analysis-of-mens-skincare-product-in-korea,2026-07-24,LOW,"Aggregator estimate. Exceeds Euromonitor-derived whole men's-cosmetics market (KRW 1.16tn ~ USD 0.85bn, 2025, Korea Herald) — FMI likely uses broader skincare definition. Cross-referenced conflict; prefer MEDIUM Korea Herald/Euromonitor figure for segment sizing."
KR mens_grooming market_size,3.7,usd_bn,USD,KR,mens_grooming,2035,CY,RETAIL,Future Market Insights — Men's Skincare in Korea 2025-2035,https://www.futuremarketinsights.com/reports/demand-and-trend-analysis-of-mens-skincare-product-in-korea,2026-07-24,LOW,Forecast endpoint of FMI 2025-2035 projection (from USD 1.2bn 2025 at 11.04% CAGR). Same definitional caveat as 2025 FMI figure.
KR mens_grooming cagr_forecast,11.04,percent,USD,KR,mens_grooming,2025-2035,range,NA,Future Market Insights — Men's Skincare in Korea 2025-2035,https://www.futuremarketinsights.com/reports/demand-and-trend-analysis-of-mens-skincare-product-in-korea,2026-07-24,LOW,"FMI forecast CAGR for Korea men's skincare, USD terms. Far above Euromonitor-implied ~2-3% for the segment 2022-2025 — treat as optimistic aggregator scenario."
IN mens_grooming market_size,20500.0,inr_cr,INR,IN,mens_grooming,2024,CY,RETAIL,IBEF — India Men's Grooming Industry (Mar 2026),https://www.ibef.org/blogs/india-men-s-grooming-industry-expanding-product-categories-and-consumer-base,2026-07-24,MEDIUM,"Rs 20,500 cr (US$ 2.3bn) 2024. IBEF (govt-backed trade body) figure matches IMARC USD 2.3bn 2024 — likely same underlying source. Organised+unorganised coverage not stated; assume predominantly organised retail. Year stated as '2024' (calendar) not FY. Sits ~10% above Euromonitor INR 186.3bn 2025 baseline — definitional check needed before reconciliation."
IN mens_grooming market_size,38300.0,inr_cr,INR,IN,mens_grooming,2033,CY,RETAIL,IBEF — India Men's Grooming Industry (Mar 2026),https://www.ibef.org/blogs/india-men-s-grooming-industry-expanding-product-categories-and-consumer-base,2026-07-24,MEDIUM,"Rs 38,300 cr (US$ 4.3bn) by 2033 forecast; implies ~7.2% CAGR from 2024. IBEF also notes haircare+deodorants are largest revenue contributors while skincare and beard care are fastest-growing (qualitative — supports corridor whitespace #4), e-commerce 30-35% of urban men's grooming sales."
IN mens_grooming market_size,18165.13,inr_cr,INR,IN,mens_grooming,2025,CY,RETAIL,Expert Market Research — India Men's Grooming Market,https://www.expertmarketresearch.com/reports/india-mens-grooming-market,2026-07-24,LOW,"Conflicts with IBEF/IMARC Rs 20,500 cr for 2024 (EMR's 2025 base is ~11% LOWER than IBEF's 2024) and with Euromonitor INR 186.3bn 2025 — three-way definitional spread of ~±10%. Cross-referenced; keep Euromonitor as primary segment anchor."
IN mens_grooming cagr_forecast,7.2,percent,INR,IN,mens_grooming,2026-2035,range,NA,Expert Market Research — India Men's Grooming Market,https://www.expertmarketresearch.com/reports/india-mens-grooming-market,2026-07-24,LOW,"EMR forecast to INR 36,407.12 cr by 2035. Consistent with IBEF-implied ~7.2% and IMARC 6.66% (2026-2034) — segment CAGR consensus ~6.5-7.5%. EMR sub-signals: haircare 8.6% CAGR (fastest category), mass tier 6.9%."
IN mens_grooming market_size,2.45,usd_bn,USD,IN,mens_grooming,2025,CY,RETAIL,IMARC Group — India Male Grooming Products Market,https://www.imarcgroup.com/india-male-grooming-products-market,2026-07-24,LOW,"USD 2.45bn 2025, to USD 4.46bn by 2034 at 6.66% CAGR (2026-2034). Roughly consistent with IBEF Rs 20,500 cr (USD 2.3bn) 2024. Distribution: online 27.2% share 2025, fastest-growing ~9.5% CAGR."
IN mens_grooming cagr_forecast,6.66,percent,USD,IN,mens_grooming,2026-2034,range,NA,IMARC Group — India Male Grooming Products Market,https://www.imarcgroup.com/india-male-grooming-products-market,2026-07-24,LOW,"USD-terms CAGR to USD 4.46bn 2034. Cross-check: EMR 7.20% (INR, 2026-2035), IBEF-implied ~7.2% (INR, 2024-2033). INR-vs-USD terms explain part of the gap."
IN mens_grooming market_share,46.8,percent,INR,IN,mens_grooming,2025,CY,NA,IMARC Group — India Male Grooming Products Market,https://www.imarcgroup.com/india-male-grooming-products-market,2026-07-24,LOW,"'Male toiletries' = 46.8% of India male grooming 2025 per IMARC, BUT IMARC's toiletries definition bundles shampoos, body wash, deo AND face wash/moisturiser/sunscreen — broader than taxonomy mens_toiletries (shave+deo). Implies ~USD 1.15bn on IMARC base. Use only with definitional adjustment."
IN mens_grooming market_size,1021.97,usd_mn,USD,IN,mens_grooming,2025,CY,RETAIL,Deep Market Insights — India Men's Skincare Products Market,https://deepmarketinsights.com/vista/insights/mens-skincare-products-market/india,2026-07-24,LOW,"USD 1,021.97mn 2025; India = 7.14% of global men's skincare per source. Sub-splits 2025: cleansers/face wash USD 409.91mn (largest product type), anti-aging (by concern) USD 518.34mn, supermarkets/hypermarkets USD 456.41mn. At ~42% of IMARC's USD 2.45bn segment this looks HIGH vs IBEF's 'haircare+deo largest' — likely includes face wash counted elsewhere as toiletries. Relevant to corridor whitespace #4 (men's skincare underserved vs toiletries) but treat sizing as upper bound."
IN mens_grooming market_size,1602.09,usd_mn,USD,IN,mens_grooming,2034,CY,RETAIL,Deep Market Insights — India Men's Skincare Products Market,https://deepmarketinsights.com/vista/insights/mens-skincare-products-market/india,2026-07-24,LOW,"Forecast endpoint (USD 1,602.09mn 2034) of Deep Market Insights 2026-2034 projection. Same definitional caveat as 2025 figure."
IN mens_grooming cagr_forecast,5.05,percent,USD,IN,mens_grooming,2026-2034,range,NA,Deep Market Insights — India Men's Skincare Products Market,https://deepmarketinsights.com/vista/insights/mens-skincare-products-market/india,2026-07-24,LOW,"5.05% CAGR 2026-2034, USD terms — BELOW segment CAGR (6.7-7.2%), contradicting IBEF's qualitative 'skincare fastest-growing'. Conflict flagged: either DMI base is overstated (so growth understated) or IBEF growth claim covers a narrower premium-skincare slice. Do not publish a men's-skincare growth number without resolving."
IN mens_grooming market_size,435.96,usd_mn,USD,IN,mens_grooming,FY25,FY,RETAIL,Markets and Data — India Razor Market,https://www.marketsandata.com/industry-reports/india-razor-market,2026-07-24,LOW,"PARTIAL PROXY ONLY: India razor market FY2025 (Apr-24 to Mar-25), USD 435.96mn, to USD 701.17mn FY2033 at 6.12% CAGR (FY2026-FY2033). Includes women's razors (share not disclosed; men's stated dominant) and razors only — excludes shave prep and deo, so NOT a full mens_toiletries measure. Use for shaving-hardware directional sizing only."
KR sun_care market_size,330.3,usd_mn,USD,KR,sun_care,2024,CY,RETAIL,Grand View Research (via ResearchAndMarkets listing),https://www.researchandmarkets.com/report/south-korea-suncare-cosmetic-market,2026-07-24,LOW,"South Korea sun care cosmetics market, USD 330.3mn 2024, projected USD 684.3mn by 2033. GVR's own page returns 403; figure verified on the ResearchAndMarkets listing of the same report. CONFLICTS with MarkNtel USD 747mn 2025 (2.3x gap) - definitional mismatch unresolved; do not reconcile without scope check."
KR sun_care cagr_forecast,8.3,percent,USD,KR,sun_care,2025-2033,range,NA,Grand View Research (via ResearchAndMarkets listing),https://www.researchandmarkets.com/report/south-korea-suncare-cosmetic-market,2026-07-24,LOW,"CAGR 8.3% 2025-2033, from USD 330.3mn (2024) to USD 684.3mn (2033). Contrast MarkNtel CAGR 3.59% 2026-2032 for nominally the same market."
KR sun_care market_size,747.0,usd_mn,USD,KR,sun_care,2025,CY,RETAIL,MarkNtel Advisors,https://www.marknteladvisors.com/research-library/south-korea-sun-care-products-market-report.html,2026-07-24,LOW,"South Korea sun care products market: USD 747mn 2025, USD 805mn 2026, USD 995mn 2032. CONFLICTS with Grand View USD 330.3mn 2024 (2.3x gap) - definitional mismatch unresolved. MFDS production value for sunscreen (KRW 470.3bn 2025, ~USD 318mn) sits between the two but is PRODUCTION basis, not retail."
KR sun_care cagr_forecast,3.59,percent,USD,KR,sun_care,2026-2032,range,NA,MarkNtel Advisors,https://www.marknteladvisors.com/research-library/south-korea-sun-care-products-market-report.html,2026-07-24,LOW,CAGR 3.59% 2026-2032. Contrast Grand View 8.3% 2025-2033 for nominally the same market.
KR sun_care production_value,0.4703,krw_tn,KRW,KR,sun_care,2025,CY,PRODUCTION,MFDS (via THE K BEAUTY SCIENCE),https://en.thekbs.co.kr/news/articleView.html?idxno=16153,2026-07-24,MEDIUM,"MFDS CY2025 production statistics: sunscreen products KRW 470.3bn production value (factory-gate, NOT retail, NOT export). ~USD 318mn at pinned USD/KRW 1478.40 (2026-07-21, config/exchange_rates.yaml). Context: functional cosmetics production total KRW 7.18tn (-2.3% YoY), 40% of total cosmetics production. MFDS origin relayed by trade press (article dated 2026-05), hence MEDIUM not HIGH."
KR sun_care growth_yoy,9.4,percent,KRW,KR,sun_care,2025,CY,PRODUCTION,MFDS (via REACH24H),https://en.reach24h.com/news/insights/cosmetic/south-korea-2025-cosmetics-export-data-insights,2026-07-24,MEDIUM,"Output value of sunscreen products grew +9.4% in CY2025 per MFDS production data (whitening products +9.7%), against a -2.3% decline in overall functional cosmetics production. PRODUCTION basis growth, not retail sell-through. Same MFDS release as the KRW 470.3bn production value claim."
KR sun_care growth_yoy,43.0,percent,USD,KR,sun_care,2025,CY,RETAIL,Samsung Securities (via Korea Herald),https://www.koreaherald.com/article/10467809,2026-07-24,MEDIUM,"Projected +43% on-year surge in US e-commerce sales of Korean sun care products in 2025 (Samsung Securities report). Export-demand indicator for Korean sun care, NOT KR domestic retail growth - destination market is the US, e-commerce channel only. Same article: Kolmar Korea saw +88% on-year surge in US-bound OTC sunscreen products in 2024. No sunscreen-specific customs export value published (sunscreen has no separate HS line; sits inside skincare, which was 74.7% of the USD 11.4bn CY2025 cosmetics export total)."
IN sun_care market_size,576.6,usd_mn,USD,IN,sun_care,2025,CY,RETAIL,IMARC Group,https://www.imarcgroup.com/india-sunscreen-market,2026-07-24,LOW,"India sunscreen market USD 576.6mn 2025, forecast USD 996.0mn by 2034. Effectively identical to the IMARC USD 0.577bn 2025 SEGMENT-level sun_care figure already on file - i.e. IMARC's 'sun care' number on file is actually its sunscreen sizing. CONFLICTS with TechSci USD 893.12mn 2024 and with IMARC's own broader sun care products sizing of USD 1.4bn 2025 (2.4x). Aggregator; organised/unorganised coverage not stated."
IN sun_care cagr_forecast,6.07,percent,USD,IN,sun_care,2026-2034,range,NA,IMARC Group,https://www.imarcgroup.com/india-sunscreen-market,2026-07-24,LOW,India sunscreen CAGR 6.07% 2026-2034 (USD 576.6mn 2025 to USD 996.0mn 2034). Close to TechSci 6.8% 2025-2030 despite a large base-size disagreement.
IN sun_care market_size,893.12,usd_mn,USD,IN,sun_care,2024,CY,RETAIL,TechSci Research,https://www.techsciresearch.com/report/india-sunscreen-market/26904.html,2026-07-24,LOW,"India sunscreen market USD 893.12mn 2024, forecast USD 1,325.37mn by 2030. Identical to the TechSci USD 0.893bn 2024 SEGMENT-level sun_care figure already on file - i.e. that on-file segment figure is actually TechSci's sunscreen sizing. CONFLICTS with IMARC USD 576.6mn 2025 (1.5x gap). Aggregator; organised/unorganised coverage not stated."
IN sun_care cagr_forecast,6.8,percent,USD,IN,sun_care,2025-2030,range,NA,TechSci Research,https://www.techsciresearch.com/report/india-sunscreen-market/26904.html,2026-07-24,LOW,"India sunscreen CAGR 6.8% 2025-2030 (USD 893.12mn 2024 to USD 1,325.37mn 2030). Close to IMARC 6.07% despite base-size disagreement."
IN sun_care market_size,1.4,usd_bn,USD,IN,sun_care,2025,CY,RETAIL,IMARC Group,https://www.imarcgroup.com/india-sun-care-products-market,2026-07-24,LOW,"India sun care PRODUCTS market USD 1.4bn 2025, forecast USD 2.2bn by 2034. IMARC's broader sun-care scope: 2.4x its own India sunscreen sizing (USD 576.6mn 2025) - scope likely adds after-sun/tanning plus SPF-adjacent products, definition not disclosed. Segment-level spread across aggregators now USD 162mn (MarkNtel) to USD 1.4bn (IMARC) for 2025: >20% gap, do NOT publish a reconciled segment size."
IN sun_care cagr_forecast,5.05,percent,USD,IN,sun_care,2026-2034,range,NA,IMARC Group,https://www.imarcgroup.com/india-sun-care-products-market,2026-07-24,LOW,India sun care products CAGR 5.05% 2026-2034 (USD 1.4bn 2025 to USD 2.2bn 2034).
IN sun_care market_size,162.0,usd_mn,USD,IN,sun_care,2025,CY,RETAIL,MarkNtel Advisors,https://www.marknteladvisors.com/research-library/india-sun-care-market-report.html,2026-07-24,LOW,"India sun care market USD 162mn 2025, USD 195mn 2026, USD 395mn 2032. EXTREME outlier at the low end: 8.6x below IMARC's USD 1.4bn and 3.6x below IMARC sunscreen-only. Likely organised/urban-only or narrower category definition (undisclosed). Documents the aggregator spread; unusable for reconciliation."
IN sun_care cagr_forecast,12.48,percent,USD,IN,sun_care,2026-2032,range,NA,MarkNtel Advisors,https://www.marknteladvisors.com/research-library/india-sun-care-market-report.html,2026-07-24,LOW,"India sun care CAGR 12.48% 2026-2032. Highest growth estimate on file for the segment (vs IMARC 5.05%, TechSci 6.8%, IMARC sunscreen 6.07%) - from the smallest base."
IN sun_care growth_yoy,85.0,percent,INR,IN,sun_care,2023,CY,RETAIL,"Nykaa (via CosmeticsDesign-Asia, archived)",https://web.archive.org/web/2024id_/https://www.cosmeticsdesign-asia.com/Article/2023/12/13/India-embraces-K-beauty-Korean-sunscreen-glass-skin-among-top-searches-by-consumers/,2026-07-24,MEDIUM,"[CORRIDOR] Nykaa platform sunscreen sales +85% YoY (stated Dec-2023; Nykaa CSMS routine push). PLATFORM-level, all brands - not a market growth rate and not K-beauty-only. Corridor signals in same article: 'Korean sunscreen' searches +148% and 'glass skin' +61% in the quarter; top Korean brands (Sulwhasoo, Innisfree, Cosrx, TonyMoly) +50% growth on Nykaa. Original CosmeticsDesign-Asia URL now 410; verified via Wayback archive."
